client_id,client_name,client_email,registration_date,city,loyalty_level
1,Федорова Евдокия Станиславовна,savvatikornilov@example.net,2025-05-05,Воронеж,Gold
2,Владлен Владленович Поляков,ilinaanzhela@example.net,2024-04-20,Москва,Gold
3,Ксения Павловна Колобова,valerjan62@example.org,2023-09-09,Ростов,Silver
4,Наумов Олег Гертрудович,pahom_2008@example.net,2024-10-05,Екатеринбург,Silver
5,Казимир Венедиктович Петров,natanpotapov@example.net,2024-03-24,Екатеринбург,Bronze
6,Эрнст Филатович Кулагин,evstafi2004@example.com,2023-10-03,Воронеж,Bronze
7,Исаков Трифон Васильевич,kira2022@example.com,2023-02-23,Москва,Silver
8,Пестова Прасковья Аскольдовна,evdokimovfade@example.net,2023-01-28,Ростов,Bronze
9,Лаврентьев Любомир Игнатьевич,mokekrasilnikov@example.com,2025-03-15,Москва,Silver
10,Хохлов Мариан Евстигнеевич,antonin_69@example.com,2025-06-17,Пермь,Silver
11,Маслов Сергей Егорович,radislavfadeev@example.net,2023-11-15,Москва,Gold
12,Евграф Демидович Сазонов,subbotinsigizmund@example.com,2025-01-14,Москва,Bronze
13,Самойлова Марфа Руслановна,popovkonon@example.org,2024-01-03,Москва,Silver
14,Варвара Викторовна Некрасова,kulaginernst@example.com,2024-05-04,Москва,Gold
15,Евфросиния Константиновна Ситникова,nikola2017@example.net,2025-04-04,Самара,Bronze
16,Андрей Демьянович Фокин,loginovdemid@example.com,2023-02-02,Москва,Bronze
17,Лариса Кузьминична Степанова,wkudrjavtsev@example.net,2023-02-09,Пермь,Gold
18,Некрасова Надежда Аскольдовна,georgi11@example.com,2023-07-30,Ростов,Gold
19,Зимина Варвара Архиповна,elizar_2003@example.net,2025-01-13,Ростов,Gold
20,Тихонов Ерофей Антипович,hristofor_2017@example.com,2022-11-28,Екатеринбург,Bronze
21,Казимир Артемьевич Денисов,prohorovairina@example.org,2025-06-11,Санкт-Петербург,Silver
22,Мясникова Прасковья Ильинична,bemeljanova@example.net,2023-05-27,Казань,Gold
23,Митофан Георгиевич Гордеев,bikovapollon@example.org,2024-10-25,Москва,Bronze
24,Самсонов Демьян Владленович,valentina_2010@example.com,2023-07-19,Воронеж,Silver
25,Сорокин Симон Анисимович,antip_2020@example.org,2025-05-18,Ростов,Silver
26,Пестов Аким Тихонович,alekse11@example.net,2023-11-05,Самара,Gold
27,Сазонова Лора Валериевна,tnikiforova@example.com,2023-01-05,Самара,Silver
28,Ипполит Даниилович Антонов,elizar_2002@example.net,2024-10-29,Пермь,Gold
29,Горбунов Антонин Алексеевич,zhdanovaelena@example.com,2023-11-25,Самара,Bronze
30,Лихачева Эмилия Валериевна,dorofeevamarija@example.org,2024-03-18,Москва,Gold
31,Януарий Артурович Кузьмин,molchanovljubomir@example.net,2023-03-07,Самара,Gold
32,Куликов Добромысл Гертрудович,apollon46@example.com,2024-03-21,Екатеринбург,Bronze
33,Яковлева Тамара Владиславовна,cheslav_1980@example.com,2025-06-10,Екатеринбург,Gold
34,Януарий Юлианович Петухов,valerjan13@example.com,2023-03-11,Воронеж,Silver
35,Воробьев Павел Игоревич,sharapovjaroslav@example.com,2024-02-29,Самара,Gold
36,Егор Антипович Нестеров,filippovmilan@example.org,2025-01-23,Казань,Bronze
37,Всеслав Чеславович Николаев,gorbachevavalerija@example.net,2023-03-13,Пермь,Bronze
38,Вышеслав Ильясович Самсонов,pahomovvitali@example.com,2023-02-15,Самара,Gold
39,Назаров Герман Адамович,stepanovjan@example.net,2024-08-29,Казань,Silver
40,Елисей Федосьевич Голубев,pegorov@example.com,2025-10-03,Самара,Silver
41,Гуляев Касьян Демьянович,evgraf2008@example.com,2022-12-23,Пермь,Silver
42,Якушева Милица Николаевна,tit1980@example.com,2024-08-08,Ростов,Silver
43,Александрова Алевтина Максимовна,anatoli37@example.net,2023-03-08,Пермь,Gold
44,Киселева София Тимофеевна,kozlovatatjana@example.net,2024-03-21,Москва,Gold
45,Гордей Андреевич Цветков,mark24@example.com,2024-11-07,Ростов,Bronze
46,Сазонов Капитон Ильич,demjanmaslov@example.net,2024-06-10,Санкт-Петербург,Silver
47,Галина Ниловна Блинова,arefi_39@example.net,2024-04-09,Пермь,Bronze
48,тов. Никифоров Василий Владиленович,bpanfilov@example.net,2024-01-23,Казань,Bronze
49,Герасим Филатович Афанасьев,bolshakovonufri@example.org,2024-02-09,Екатеринбург,Silver
50,Агафья Дмитриевна Алексеева,loginovaolga@example.net,2025-05-19,Екатеринбург,Bronze
51,Милий Фокич Зимин,avishnjakov@example.com,2023-06-18,Самара,Silver
52,Вениамин Даниилович Ермаков,leonid_54@example.net,2024-02-13,Самара,Silver
53,Мирослав Фёдорович Яковлев,zkovalev@example.net,2023-02-11,Ростов,Gold
54,Ершова Анжелика Богдановна,mishinkliment@example.net,2024-01-25,Ростов,Silver
55,Никифор Гертрудович Денисов,kornilovamvrosi@example.org,2024-08-28,Санкт-Петербург,Gold
56,Кудряшов Милован Даниилович,parfen08@example.net,2025-01-23,Ростов,Bronze
57,Сазонов Харитон Захарьевич,ziminaksenija@example.com,2022-11-25,Санкт-Петербург,Silver
58,Казакова Синклитикия Ефимовна,sharapovizot@example.com,2025-07-01,Самара,Gold
59,Ефрем Демьянович Семенов,miroslav_2005@example.org,2024-06-27,Пермь,Silver
60,тов. Авдеев Юлий Виленович,nikifor_35@example.com,2023-10-18,Москва,Bronze
61,Трифон Эдуардович Тарасов,milikulagin@example.net,2023-08-22,Пермь,Gold
62,Ия Ивановна Давыдова,dmitrievaemilija@example.net,2023-10-16,Санкт-Петербург,Bronze
63,Тамара Натановна Ларионова,abramovspartak@example.net,2023-03-09,Санкт-Петербург,Bronze
64,Осип Чеславович Авдеев,eliseevandron@example.com,2023-09-11,Москва,Gold
65,Валентина Степановна Уварова,kulikovadarja@example.net,2023-03-18,Санкт-Петербург,Bronze
66,Суханова Агата Аркадьевна,arogov@example.com,2022-11-23,Пермь,Bronze
67,Медведев Ратмир Архипович,galeksandrova@example.net,2025-10-18,Пермь,Gold
68,Лукьян Борисович Максимов,kapitonmartinov@example.net,2023-08-29,Воронеж,Bronze
69,Ираклий Якубович Третьяков,nosovilja@example.org,2024-02-09,Санкт-Петербург,Silver
70,Давыдов Пантелеймон Марсович,radovanzinovev@example.org,2024-04-08,Санкт-Петербург,Bronze
71,Белова Оксана Михайловна,firs_1994@example.com,2024-06-25,Ростов,Silver
72,Турова Фаина Валериевна,ladimirsharov@example.org,2025-03-11,Ростов,Gold
73,Селиверстов Остап Валерьянович,nbespalov@example.org,2024-12-15,Самара,Bronze
74,Казакова Виктория Леонидовна,kazakovaelena@example.com,2023-03-29,Москва,Gold
75,Кудряшова Ксения Рубеновна,aristarhzhdanov@example.org,2024-01-20,Воронеж,Bronze
76,Наркис Брониславович Поляков,makarlukin@example.com,2023-07-10,Санкт-Петербург,Silver
77,Вацлав Фокич Кулагин,silakapustin@example.com,2024-12-24,Екатеринбург,Bronze
78,Алевтина Семеновна Степанова,boris_1989@example.com,2023-06-16,Пермь,Bronze
79,Мария Леоновна Гусева,lavr98@example.org,2024-07-31,Екатеринбург,Gold
80,Фокина Ирина Вениаминовна,prohorovboleslav@example.net,2025-07-22,Екатеринбург,Silver
81,Нестеров Эмиль Ефстафьевич,larionovazhanna@example.net,2023-05-08,Москва,Silver
82,Романова София Кузьминична,zosima_1988@example.org,2024-12-21,Воронеж,Bronze
83,г-жа Фролова Агата Ниловна,david55@example.net,2022-12-05,Казань,Gold
84,Веселова Нонна Тимофеевна,demjankostin@example.com,2023-04-02,Казань,Gold
85,Евфросиния Константиновна Павлова,anzhelika2009@example.net,2023-07-14,Казань,Silver
86,Ирина Александровна Смирнова,nmuravev@example.org,2022-12-13,Казань,Gold
87,Юлия Юрьевна Федосеева,qsitnikova@example.org,2025-03-02,Воронеж,Gold
88,Евгения Феликсовна Дьячкова,kornil_2021@example.com,2023-11-14,Москва,Bronze
89,Прасковья Богдановна Ефимова,ignatevaevgenija@example.com,2023-01-08,Ростов,Bronze
90,Исаков Милован Брониславович,chernovataisija@example.com,2025-05-10,Воронеж,Bronze
91,Зоя Александровна Сысоева,evlampivlasov@example.net,2023-08-19,Москва,Silver
92,Щукина Варвара Григорьевна,anzhelika1976@example.com,2023-08-24,Самара,Bronze
93,Мухин Ратибор Виленович,luka_76@example.com,2024-06-05,Ростов,Gold
94,Ювеналий Егорович Игнатов,litkinmechislav@example.net,2022-10-25,Казань,Silver
95,Таисия Феликсовна Власова,denisbragin@example.net,2024-12-15,Казань,Bronze
96,Роман Ерофеевич Корнилов,firs59@example.net,2024-12-18,Екатеринбург,Silver
97,г-жа Фокина Октябрина Федоровна,ljubomir_1977@example.com,2025-09-18,Самара,Gold
98,Горбунов Спиридон Терентьевич,evfrosinija_26@example.com,2022-12-21,Санкт-Петербург,Bronze
99,Нина Мироновна Ширяева,ebragin@example.org,2025-03-27,Санкт-Петербург,Gold
100,Епифан Феофанович Никифоров,amvrosi2001@example.net,2023-08-19,Пермь,Gold
101,Назарова Агата Вячеславовна,evdokija86@example.org,2025-01-29,Ростов,Bronze
102,Рыбаков Силантий Игнатович,okornilov@example.com,2025-06-19,Санкт-Петербург,Gold
103,Илья Денисович Мельников,muravevipat@example.net,2024-09-25,Санкт-Петербург,Bronze
104,Колобова Елизавета Руслановна,lavrenti_2014@example.org,2024-11-10,Ростов,Silver
105,Лаврентьев Игорь Брониславович,prohorovkasjan@example.net,2022-12-06,Пермь,Bronze
106,Кириллова Зоя Владимировна,silvestr_34@example.com,2023-05-12,Казань,Gold
107,Влас Артемьевич Захаров,elena87@example.com,2025-02-24,Екатеринбург,Bronze
108,Екатерина Владиславовна Лихачева,rodionovharlampi@example.com,2024-05-28,Воронеж,Gold
109,Гаврилов Савелий Артемьевич,onufri42@example.net,2025-07-07,Воронеж,Silver
110,Клавдия Рубеновна Гурьева,budimir_35@example.com,2024-11-03,Санкт-Петербург,Silver
111,Никанор Елисеевич Воронов,seliverstovanike@example.com,2025-05-15,Москва,Silver
112,Ольга Ильинична Орехова,litkinazoja@example.com,2024-02-01,Москва,Silver
113,Меркушева Виктория Даниловна,blinovfoma@example.net,2025-01-04,Казань,Gold
114,Степан Ермилович Щукин,agafon2001@example.net,2024-12-04,Екатеринбург,Gold
115,Милица Богдановна Пестова,avde2023@example.org,2023-07-18,Пермь,Silver
116,Ксения Львовна Голубева,oivanov@example.com,2024-03-11,Самара,Gold
117,Молчанова Варвара Романовна,mironfilatov@example.com,2024-08-13,Казань,Silver
118,Носкова Оксана Станиславовна,agafonovivan@example.net,2023-12-07,Санкт-Петербург,Silver
119,Тетерин Зиновий Викторович,polikarp01@example.org,2024-01-16,Москва,Silver
120,Абрамова Виктория Филипповна,anikekomarov@example.com,2023-07-09,Казань,Bronze
121,Регина Альбертовна Шестакова,antip1975@example.com,2023-07-25,Самара,Gold
122,Петр Валерьянович Лаврентьев,elizaveta_74@example.net,2024-10-05,Пермь,Bronze
123,Кулагина Ангелина Оскаровна,evpraksija06@example.com,2025-08-23,Самара,Gold
124,Шестакова Ксения Артемовна,burovveniamin@example.net,2025-01-18,Казань,Bronze
125,Агафья Львовна Федорова,volkovvladlen@example.net,2025-07-07,Екатеринбург,Silver
126,Дорофеева Полина Евгеньевна,paramon83@example.net,2024-08-18,Казань,Gold
127,Киселев Мир Бориславович,petuhovleon@example.com,2022-12-24,Пермь,Silver
128,Нонна Наумовна Гущина,kmelnikov@example.org,2025-02-11,Казань,Bronze
129,Акулина Павловна Турова,mili_1982@example.org,2022-11-13,Санкт-Петербург,Silver
130,Федор Фомич Одинцов,cdanilova@example.com,2024-11-25,Москва,Silver
131,Владлен Александрович Игнатов,rubenturov@example.org,2024-08-07,Воронеж,Gold
132,Анисимова Ульяна Юрьевна,lavr_2002@example.org,2024-02-28,Воронеж,Gold
133,Пантелеймон Юлианович Крюков,emmanuil54@example.org,2024-09-22,Санкт-Петербург,Silver
134,Ипполит Даниилович Максимов,zinovevasinklitikija@example.net,2024-03-29,Санкт-Петербург,Bronze
135,Никодим Аверьянович Веселов,kirillovanatoli@example.com,2024-10-14,Пермь,Gold
136,Маргарита Захаровна Овчинникова,filippovpahom@example.com,2025-04-03,Пермь,Bronze
137,Третьякова Жанна Антоновна,pmartinov@example.net,2025-07-03,Казань,Silver
138,Куликов Конон Ааронович,ignati_02@example.com,2024-02-11,Казань,Gold
139,Надежда Наумовна Полякова,mihe_71@example.net,2024-07-13,Казань,Bronze
140,Аристарх Давидович Стрелков,nikonlukin@example.org,2023-12-02,Санкт-Петербург,Silver
141,Сысоев Денис Фомич,evlampi56@example.com,2025-01-13,Казань,Silver
142,тов. Ефимова Раиса Рубеновна,molchanovgleb@example.net,2024-05-12,Москва,Gold
143,Боян Изотович Титов,rozhkovafekla@example.org,2024-07-30,Казань,Gold
144,Ирина Александровна Цветкова,shashkoveduard@example.org,2024-01-13,Самара,Silver
145,Большакова Иванна Богдановна,glafira1991@example.com,2024-07-19,Казань,Silver
146,Медведев Корнил Антипович,antonovgostomisl@example.com,2025-10-10,Москва,Bronze
147,Нинель Анатольевна Зимина,fekla_1999@example.com,2025-08-10,Пермь,Bronze
148,г-н Куликов Самуил Харламович,milenbogdanov@example.net,2023-07-24,Пермь,Silver
149,Надежда Романовна Нестерова,timur32@example.net,2024-08-20,Казань,Gold
150,Викторин Аверьянович Носков,zhdanovsidor@example.org,2024-12-09,Москва,Gold
151,Сергей Жанович Александров,saveligusev@example.org,2023-11-22,Ростов,Bronze
152,Октябрина Макаровна Тарасова,samuil_1984@example.org,2023-10-27,Екатеринбург,Silver
153,Сильвестр Арсеньевич Попов,xpetrov@example.net,2023-09-06,Воронеж,Silver
154,Кондратий Харлампович Игнатьев,poljakovfoti@example.com,2025-06-28,Пермь,Gold
155,Георгий Эдуардович Кудряшов,yivanov@example.net,2024-07-22,Пермь,Bronze
156,Вера Павловна Красильникова,apollinari_78@example.org,2025-04-24,Воронеж,Bronze
157,Елисей Дорофеевич Жуков,elizardmitriev@example.com,2025-02-23,Санкт-Петербург,Silver
158,Зайцев Измаил Глебович,ilarion84@example.net,2023-12-27,Самара,Gold
159,Кошелев Вениамин Александрович,askold1992@example.net,2024-01-21,Самара,Gold
160,Евгения Максимовна Куликова,isuhanov@example.net,2024-06-10,Ростов,Silver
161,Радим Захарьевич Афанасьев,prokofidmitriev@example.org,2023-08-27,Москва,Silver
162,Медведев Стоян Изотович,valentina67@example.org,2023-07-09,Воронеж,Bronze
163,Власов Леонид Филиппович,igor1988@example.net,2025-01-01,Самара,Silver
164,Рыбакова Феврония Захаровна,zaharovnatan@example.org,2023-10-29,Казань,Silver
165,Сидоров Трифон Бориславович,anani_2025@example.net,2024-05-04,Москва,Gold
166,Титов Мартьян Анисимович,xfedorov@example.com,2025-03-21,Санкт-Петербург,Bronze
167,Мефодий Якубович Сорокин,orest_88@example.net,2025-08-25,Москва,Bronze
168,Карп Демьянович Лыткин,budimir_09@example.com,2022-11-06,Ростов,Bronze
169,Ермил Иларионович Кабанов,titovfoti@example.net,2024-03-18,Самара,Bronze
170,Сазонова Варвара Феликсовна,nazar_2018@example.net,2023-07-27,Москва,Silver
171,Федосий Чеславович Никитин,ukonovalova@example.net,2024-11-29,Самара,Gold
172,Николаева Ираида Яковлевна,nazarovljubosmisl@example.net,2024-11-04,Ростов,Bronze
173,Оксана Алексеевна Князева,ostromirlebedev@example.com,2024-06-25,Москва,Bronze
174,Никонова Татьяна Ивановна,varvara_1983@example.net,2025-05-12,Санкт-Петербург,Silver
175,Вацлав Филимонович Панов,jbelov@example.org,2024-12-13,Самара,Gold
176,Абрамова Ирина Андреевна,pankrat_91@example.net,2024-03-17,Казань,Bronze
177,Богданова Фаина Федоровна,morozovagalina@example.com,2023-08-09,Казань,Bronze
178,Татьяна Николаевна Ершова,anzhela1971@example.net,2024-04-26,Пермь,Bronze
179,Владилен Ефимович Зимин,olimpiada_27@example.org,2025-06-29,Воронеж,Gold
180,Кулаков Авксентий Харлампьевич,julian_1988@example.net,2023-11-02,Пермь,Gold
181,Елизар Вячеславович Ермаков,kazimir29@example.org,2024-07-15,Ростов,Gold
182,Бронислав Юльевич Новиков,hpavlov@example.org,2025-08-15,Самара,Gold
183,Эрнст Арсенович Туров,pankrati_48@example.org,2024-02-10,Пермь,Bronze
184,Маслов Демьян Тарасович,abramovhariton@example.net,2025-02-14,Екатеринбург,Bronze
185,Ермолай Антонович Филатов,emilsorokin@example.com,2024-10-10,Ростов,Bronze
186,Доронина Варвара Сергеевна,kudrjavtsevkondrati@example.net,2025-03-09,Ростов,Silver
187,Максимильян Адамович Горбунов,kopilovegor@example.net,2024-06-01,Пермь,Gold
188,Силин Радислав Терентьевич,elizar_36@example.com,2024-05-25,Самара,Bronze
189,Галина Артемовна Панфилова,radovanturov@example.org,2022-12-22,Екатеринбург,Bronze
190,Щукин Якуб Валерьянович,veselovgennadi@example.org,2023-11-11,Москва,Bronze
191,Меркушева Анастасия Ефимовна,militsa_2009@example.net,2024-04-17,Пермь,Gold
192,Кабанов Трофим Ефремович,loginovrodion@example.net,2022-11-24,Москва,Gold
193,Петрова Алина Мироновна,filipp_09@example.org,2024-07-09,Екатеринбург,Gold
194,Радован Всеволодович Лазарев,svetlana1998@example.com,2025-07-29,Ростов,Gold
195,Алексеева Вероника Алексеевна,ivan_2022@example.org,2023-07-18,Пермь,Silver
196,Пономарев Андрон Владленович,eliseevgremislav@example.org,2024-03-08,Самара,Bronze
197,Пономарев Модест Ааронович,ladislav_56@example.com,2023-03-30,Санкт-Петербург,Silver
198,Сократ Харитонович Харитонов,lavrentishashkov@example.net,2024-09-18,Казань,Silver
199,Радован Богданович Белов,belousovajulija@example.org,2025-04-24,Самара,Silver
200,Назарова Олимпиада Оскаровна,shirjaevanisim@example.org,2024-07-28,Екатеринбург,Silver
201,г-н Гущин Иннокентий Фёдорович,iosif91@example.org,2024-05-11,Казань,Bronze
202,Ковалев Арефий Феоктистович,makar_2014@example.com,2023-11-09,Самара,Bronze
203,Елизавета Харитоновна Журавлева,timofeevluchezar@example.net,2024-11-25,Воронеж,Gold
204,Аскольд Ефимьевич Белов,svjatoslav2019@example.net,2025-09-27,Ростов,Gold
205,Творимир Гордеевич Романов,gorbunovavgust@example.org,2023-12-03,Казань,Bronze
206,Элеонора Макаровна Савельева,zikovflorentin@example.com,2023-09-11,Екатеринбург,Silver
207,Исай Георгиевич Ларионов,gnazarova@example.com,2023-02-17,Воронеж,Silver
208,Артемьев Сергей Евсеевич,valentina_40@example.net,2024-08-04,Санкт-Петербург,Bronze
209,Кононова Прасковья Олеговна,ezhukova@example.org,2025-08-04,Казань,Gold
210,Ярополк Исидорович Калашников,sigizmund_2021@example.net,2024-06-19,Ростов,Bronze
211,Елизавета Олеговна Кузнецова,karpbespalov@example.org,2024-08-03,Москва,Silver
212,Агафонов Нифонт Терентьевич,stanimirvorontsov@example.com,2025-03-25,Ростов,Bronze
213,г-н Ефимов Иннокентий Жанович,lobanovaelizaveta@example.com,2025-09-11,Екатеринбург,Gold
214,Иванна Романовна Щукина,petr2012@example.org,2025-08-02,Казань,Bronze
215,Харитон Ефимьевич Орехов,orehovaija@example.com,2025-01-02,Казань,Silver
216,Антонина Аркадьевна Дементьева,korolevfoka@example.net,2023-10-17,Пермь,Bronze
217,Силина Милица Олеговна,zhdanovaanzhela@example.org,2022-12-03,Пермь,Silver
218,Нифонт Евсеевич Петров,sharapovemmanuil@example.com,2023-05-12,Москва,Bronze
219,Ситникова Жанна Юрьевна,kovalevafaina@example.org,2023-12-12,Пермь,Bronze
220,Артемьев Савелий Гурьевич,bmishina@example.org,2025-02-04,Екатеринбург,Bronze
221,Сорокин Савватий Ермилович,ovchinnikovmihe@example.org,2023-10-19,Самара,Gold
222,Матвеев Мечислав Гурьевич,erofegromov@example.org,2023-03-08,Казань,Gold
223,Вячеслав Валерьянович Данилов,tvorimir_2012@example.org,2023-08-12,Пермь,Silver
224,Мефодий Арсеньевич Муравьев,bojan1992@example.com,2023-06-15,Казань,Silver
225,Некрасов Орест Владиславович,voronovarseni@example.com,2025-10-17,Казань,Bronze
226,тов. Емельянова Ангелина Рудольфовна,idjachkova@example.com,2024-01-26,Екатеринбург,Gold
227,Константин Георгиевич Степанов,zhanna01@example.org,2022-11-16,Ростов,Gold
228,Давыдова Эмилия Кирилловна,maksimiljan64@example.com,2023-08-15,Казань,Bronze
229,Баранова Ангелина Ниловна,pvinogradova@example.com,2025-05-29,Воронеж,Silver
230,Прохоров Милий Валерианович,lavrentevsavva@example.com,2025-09-08,Воронеж,Silver
231,Прасковья Мироновна Киселева,olavrenteva@example.org,2025-06-19,Пермь,Gold
232,тов. Лапина Ксения Львовна,strelkovnikodim@example.net,2025-01-16,Санкт-Петербург,Bronze
233,Селиван Адамович Фомичев,glafira53@example.org,2025-09-27,Самара,Silver
234,Анисимова Зоя Наумовна,vladlen_99@example.org,2024-02-09,Пермь,Silver
235,Зыков Карп Артемьевич,savinruben@example.net,2024-01-24,Екатеринбург,Bronze
236,Лариса Оскаровна Ермакова,nosovaanna@example.org,2023-05-04,Ростов,Gold
237,Творимир Игоревич Ермаков,varlaam_17@example.org,2024-09-01,Самара,Gold
238,Фирс Эдгардович Филатов,karl86@example.com,2024-08-08,Воронеж,Silver
239,Сазонова Любовь Васильевна,semen_1994@example.org,2023-09-05,Самара,Gold
240,Агафон Юлианович Сысоев,knjazevaljubov@example.net,2025-08-09,Санкт-Петербург,Silver
241,Анисимова Пелагея Ниловна,vissarion1991@example.com,2025-05-28,Москва,Gold
242,Пономарев Арефий Теймуразович,erastprohorov@example.net,2024-06-19,Самара,Silver
243,Агафья Вадимовна Мясникова,bikovaagafja@example.org,2025-01-15,Санкт-Петербург,Bronze
244,Рубен Викентьевич Уваров,emilermakov@example.net,2024-06-08,Пермь,Bronze
245,Панова Маргарита Юрьевна,juli80@example.com,2025-03-07,Ростов,Silver
246,Валерия Александровна Шарапова,elizar1979@example.org,2025-05-17,Воронеж,Gold
247,Пахомова Фёкла Степановна,nikonovrjurik@example.net,2023-09-10,Пермь,Gold
248,Дарья Оскаровна Сазонова,zhuravlevserafim@example.net,2023-10-14,Казань,Gold
249,Елисеева Виктория Григорьевна,sofronilin@example.org,2025-04-15,Пермь,Gold
250,Сысоева Жанна Валентиновна,viktorin_38@example.net,2024-05-21,Ростов,Silver
251,Тарасова Октябрина Андреевна,rogovaljudmila@example.com,2025-03-09,Пермь,Bronze
252,Шарова Раиса Валентиновна,mihemishin@example.net,2023-02-10,Ростов,Gold
253,Ирина Львовна Родионова,pelageja84@example.org,2023-06-14,Воронеж,Bronze
254,Костина Прасковья Леонидовна,svjatopolk2014@example.net,2023-07-27,Казань,Gold
255,Агафон Ануфриевич Шестаков,makar_07@example.org,2023-04-13,Казань,Silver
256,Екатерина Владимировна Маркова,nadezhda05@example.com,2025-01-14,Самара,Gold
257,Абрамов Панкрат Харлампьевич,avtonom_1972@example.org,2024-04-12,Ростов,Gold
258,Лора Леонидовна Соболева,terenti2002@example.net,2024-01-03,Екатеринбург,Silver
259,Суворова Нинель Вениаминовна,emil_1970@example.net,2024-02-23,Екатеринбург,Silver
260,Панов Агафон Дмитриевич,svjatoslavzhdanov@example.net,2024-03-07,Санкт-Петербург,Gold
261,Белоусова Валерия Феликсовна,olimpi_55@example.com,2023-07-27,Санкт-Петербург,Silver
262,Артемьева Алевтина Андреевна,knikonov@example.com,2024-10-06,Воронеж,Silver
263,Красильников Леонид Федотович,provemeljanov@example.org,2025-01-16,Москва,Bronze
264,Зоя Васильевна Сорокина,boleslav_2012@example.org,2025-03-04,Санкт-Петербург,Gold
265,Русакова Галина Матвеевна,ostap1999@example.org,2023-02-14,Пермь,Bronze
266,Воронова Александра Филипповна,panfilovagafon@example.org,2024-10-07,Воронеж,Bronze
267,Василий Фомич Гущин,leonti_70@example.net,2025-09-17,Пермь,Gold
268,Валерия Георгиевна Евсеева,karp_1994@example.com,2024-06-11,Самара,Gold
269,Анисимов Вацлав Тарасович,kiselevljubosmisl@example.com,2024-05-15,Екатеринбург,Gold
270,Сергеева Надежда Владимировна,varfolome_58@example.com,2023-03-28,Екатеринбург,Gold
271,Симонов Филарет Егорович,veniamin_86@example.org,2023-05-18,Воронеж,Gold
272,Афанасий Эдгарович Баранов,modest_11@example.com,2024-11-14,Самара,Gold
273,Фёкла Вениаминовна Филиппова,julikorolev@example.com,2023-06-24,Пермь,Gold
274,Горшкова Людмила Харитоновна,ignatovsolomon@example.net,2025-03-16,Воронеж,Gold
275,Петухова София Дмитриевна,maslovaagata@example.com,2024-11-22,Пермь,Gold
276,Комарова Синклитикия Аскольдовна,gerasim_2005@example.org,2024-10-13,Москва,Silver
277,Герасимов Филипп Герасимович,ermola_1985@example.org,2024-08-20,Ростов,Bronze
278,Милован Даниилович Калинин,veniaminevseev@example.net,2024-10-02,Казань,Bronze
279,Кузьмин Евстигней Георгиевич,uustinov@example.org,2025-09-29,Ростов,Gold
280,Аверьян Данилович Антонов,makarovsilvestr@example.com,2023-01-09,Санкт-Петербург,Gold
281,Николай Бориславович Киселев,zoja_66@example.com,2024-11-23,Воронеж,Gold
282,Фаина Олеговна Муравьева,izjaslavdorofeev@example.com,2023-03-22,Екатеринбург,Bronze
283,Журавлева Иванна Владиславовна,erast_18@example.com,2022-11-19,Москва,Gold
284,Белозерова Маргарита Богдановна,tsvetkovaevfrosinija@example.org,2022-12-06,Воронеж,Bronze
285,Королева Иванна Святославовна,valentin_43@example.org,2023-11-16,Самара,Gold
286,Гордеев Семен Григорьевич,blohinmir@example.net,2023-08-04,Пермь,Gold
287,Русаков Рубен Адамович,fedotovsaveli@example.net,2023-08-27,Самара,Bronze
288,Алевтина Робертовна Медведева,foka88@example.net,2023-06-11,Ростов,Silver
289,Лазарева Василиса Дмитриевна,maja73@example.com,2023-02-01,Воронеж,Gold
290,Виктория Павловна Дроздова,moiseevavde@example.net,2023-01-08,Пермь,Gold
291,Мясникова Ираида Андреевна,avtonom_27@example.org,2024-11-03,Самара,Gold
292,Одинцов Ульян Дмитриевич,prokofi_39@example.com,2024-01-16,Санкт-Петербург,Bronze
293,Муравьев Андрей Антонович,vitali_87@example.org,2024-10-27,Ростов,Gold
294,Кузьмина Александра Романовна,lavrentevjuri@example.com,2025-10-15,Санкт-Петербург,Silver
295,Антонина Аркадьевна Евсеева,simonlitkin@example.com,2024-10-23,Воронеж,Gold
296,Дарья Алексеевна Тихонова,rodionovaanzhelika@example.net,2024-06-17,Ростов,Silver
297,Вера Анатольевна Полякова,gerasim2008@example.com,2022-11-06,Самара,Bronze
298,Филатов Капитон Филатович,ykonstantinova@example.com,2023-05-31,Самара,Gold
299,Глеб Ерофеевич Сафонов,irina87@example.org,2023-07-07,Казань,Silver
300,Варлаам Терентьевич Капустин,semenvorontsov@example.org,2025-02-03,Ростов,Silver
301,Лыткин Юлий Ерофеевич,rogovasofija@example.net,2024-03-30,Санкт-Петербург,Bronze
302,Елена Алексеевна Рожкова,frolovavalentina@example.org,2025-01-25,Москва,Bronze
303,Владимиров Мстислав Эдгарович,vladilen_1999@example.net,2025-08-07,Пермь,Gold
304,Марфа Рубеновна Фокина,nikandrkazakov@example.net,2023-05-12,Москва,Bronze
305,Юлия Болеславовна Котова,zahar68@example.org,2024-02-19,Казань,Silver
306,Мамонтов Демид Ильич,afanasevaaleksandra@example.org,2023-11-04,Пермь,Silver
307,Бажен Дмитриевич Гущин,gushchinajulija@example.com,2023-01-04,Екатеринбург,Silver
308,Симон Герасимович Тимофеев,muravevosip@example.org,2022-12-31,Казань,Bronze
309,Мамонтов Роман Вилорович,dmitrievaksenija@example.net,2024-03-20,Казань,Bronze
310,Порфирий Гавриилович Макаров,ignatevdorofe@example.net,2024-05-31,Воронеж,Silver
311,Силантий Валерьевич Рожков,zhukovmodest@example.net,2023-11-03,Санкт-Петербург,Silver
312,Максимова Евгения Матвеевна,prohor_99@example.net,2023-11-28,Санкт-Петербург,Silver
313,Надежда Максимовна Данилова,kdenisova@example.org,2024-08-24,Пермь,Gold
314,Доброслав Ануфриевич Жданов,psilin@example.com,2024-11-29,Москва,Silver
315,Валерий Исидорович Романов,isidor_14@example.com,2024-03-01,Воронеж,Silver
316,Уварова Светлана Андреевна,kondratkirillov@example.org,2024-11-19,Пермь,Bronze
317,Лонгин Андреевич Кузьмин,nina_99@example.com,2023-05-26,Самара,Bronze
318,Федот Артёмович Григорьев,ladimirstepanov@example.net,2024-02-19,Пермь,Gold
319,Евдокия Ильинична Тетерина,sisoevapolina@example.org,2025-05-20,Санкт-Петербург,Silver
320,Агата Борисовна Морозова,simonovanina@example.org,2022-11-18,Самара,Silver
321,Кудряшов Дорофей Ануфриевич,zinovi2012@example.org,2024-07-15,Москва,Gold
322,Харитонова Евпраксия Матвеевна,gorbunovaevgenija@example.com,2024-01-09,Санкт-Петербург,Bronze
323,Гордеев Гордей Григорьевич,parfen_1971@example.org,2023-01-30,Воронеж,Gold
324,Самсон Владленович Абрамов,kasjan_2017@example.com,2023-01-24,Санкт-Петербург,Bronze
325,Александров Самуил Эдгардович,gavriladanilov@example.net,2023-03-22,Воронеж,Bronze
326,Новикова Нина Владимировна,vsevolodnesterov@example.com,2024-02-22,Москва,Bronze
327,Воробьева Анна Тимофеевна,varvara_2016@example.com,2023-09-03,Санкт-Петербург,Silver
328,Осипов Мечислав Арсенович,mstislav1979@example.org,2025-10-04,Самара,Gold
329,Григорьев Юлий Евсеевич,avgust2024@example.org,2023-12-30,Казань,Gold
330,Игнатьев Антип Аксёнович,lukinnestor@example.net,2024-07-22,Ростов,Gold
331,Натан Богданович Рогов,alekse2004@example.com,2024-12-27,Екатеринбург,Bronze
332,Данилов Вадим Андреевич,mihalovaalla@example.com,2025-09-24,Самара,Silver
333,Елизавета Матвеевна Третьякова,pahomovamaja@example.com,2024-09-20,Екатеринбург,Silver
334,Мариан Жоресович Кудрявцев,radovanlukin@example.org,2022-11-26,Екатеринбург,Bronze
335,Веселова Марфа Львовна,valentin_08@example.com,2023-01-05,Воронеж,Bronze
336,Никанор Димитриевич Новиков,tihonovgerman@example.net,2024-11-16,Москва,Silver
337,Виталий Федосеевич Денисов,vsemilfilatov@example.net,2023-09-22,Санкт-Петербург,Gold
338,Мстислав Феликсович Соколов,kazimir_76@example.org,2023-10-29,Санкт-Петербург,Silver
339,Борислав Жоресович Рябов,fortunat_09@example.org,2022-12-03,Санкт-Петербург,Silver
340,Алексеев Эрнест Анисимович,beljaevmoke@example.com,2025-08-12,Санкт-Петербург,Silver
341,Евдокия Станиславовна Аксенова,kpavlov@example.org,2023-10-17,Екатеринбург,Bronze
342,Ширяев Зосима Августович,makarovaraisa@example.com,2025-07-20,Ростов,Silver
343,Воронцова Агафья Львовна,rodion53@example.net,2025-04-08,Воронеж,Gold
344,Тихонова Наина Георгиевна,mishinstojan@example.org,2024-06-01,Пермь,Gold
345,Ефимова Ия Львовна,orehovmiron@example.com,2024-01-29,Санкт-Петербург,Silver
346,Никанор Иларионович Сергеев,avdeevaemilija@example.org,2022-11-29,Санкт-Петербург,Bronze
347,Бажен Захарьевич Исаев,ksenija2025@example.org,2025-01-16,Москва,Gold
348,Демьян Евстигнеевич Казаков,terentevaalevtina@example.net,2025-07-01,Самара,Gold
349,Архипов Ипполит Гертрудович,itarasov@example.net,2023-07-28,Самара,Silver
350,Нонна Антоновна Белозерова,bobrovajulija@example.net,2023-08-05,Самара,Bronze
351,Агата Наумовна Панфилова,prohorkiselev@example.net,2023-10-04,Екатеринбург,Silver
352,Варлаам Валерианович Егоров,naina51@example.org,2023-12-07,Пермь,Gold
353,Самуил Аверьянович Королев,prohor_1984@example.net,2024-12-14,Екатеринбург,Gold
354,Боброва Зинаида Степановна,gedeontihonov@example.org,2025-06-18,Самара,Bronze
355,Конон Андреевич Кузнецов,aorlov@example.com,2024-09-10,Санкт-Петербург,Gold
356,Прасковья Федоровна Медведева,martin_1978@example.net,2023-09-18,Санкт-Петербург,Bronze
357,София Вениаминовна Сидорова,efimbikov@example.com,2023-02-03,Екатеринбург,Gold
358,Кира Артемовна Галкина,andronik89@example.net,2024-07-29,Санкт-Петербург,Gold
359,Бурова Ксения Евгеньевна,konstantinovjulian@example.net,2024-06-18,Санкт-Петербург,Bronze
360,Семен Владиленович Родионов,vinogradovmarian@example.com,2023-01-20,Санкт-Петербург,Silver
361,Давыд Игнатович Миронов,eliseevvadim@example.com,2025-05-02,Самара,Silver
362,Милен Гавриилович Ситников,ljubomir_41@example.com,2024-05-05,Пермь,Gold
363,Князев Егор Иосипович,frolovfade@example.com,2023-08-24,Казань,Silver
364,Валентина Богдановна Гурьева,fedor_1971@example.net,2023-02-10,Москва,Silver
365,Оксана Андреевна Галкина,savelevazinaida@example.org,2025-08-03,Казань,Bronze
366,Блинов Архип Борисович,eliseevstojan@example.net,2023-08-27,Пермь,Silver
367,Шарова Ия Феликсовна,rjurik_17@example.com,2024-08-07,Москва,Gold
368,Пестов Борислав Анатольевич,adrian58@example.net,2022-12-03,Екатеринбург,Silver
369,Анастасия Ивановна Кудряшова,demid_2006@example.net,2025-04-02,Казань,Silver
370,Данилов Никандр Ильич,gedeon_67@example.org,2023-04-23,Москва,Bronze
371,Бобылева Варвара Аркадьевна,hristofor_1993@example.com,2024-02-06,Самара,Bronze
372,Лихачев Мартын Игнатьевич,mironovjuli@example.net,2023-10-17,Казань,Gold
373,Майя Захаровна Зиновьева,mjasnikovavera@example.com,2025-09-01,Москва,Gold
374,Никонова Нина Святославовна,martinovamilitsa@example.org,2023-06-03,Казань,Silver
375,Максимильян Фомич Кондратьев,aleksandr_81@example.net,2023-10-13,Пермь,Bronze
376,Октябрина Геннадиевна Гордеева,viktor_81@example.net,2023-05-19,Воронеж,Silver
377,Боян Ильясович Комаров,konstantin_1999@example.net,2024-03-28,Москва,Silver
378,Дроздова Алла Наумовна,savelevparamon@example.org,2025-09-23,Самара,Bronze
379,Кудряшова Пелагея Михайловна,konstantin17@example.net,2022-11-28,Воронеж,Gold
380,Анжела Анатольевна Хохлова,juliafanasev@example.com,2025-01-18,Казань,Gold
381,Соболева Ульяна Юрьевна,natalja1997@example.com,2023-03-21,Санкт-Петербург,Gold
382,Ия Павловна Князева,osipovrjurik@example.org,2023-06-19,Санкт-Петербург,Gold
383,Белоусова Клавдия Григорьевна,vlasovbazhen@example.org,2024-10-01,Ростов,Silver
384,Бобылева Фаина Захаровна,savelevapraskovja@example.org,2024-07-16,Екатеринбург,Bronze
385,Пестов Ростислав Федотович,dmitri_1999@example.org,2025-10-06,Ростов,Gold
386,Елисей Ааронович Алексеев,igor_57@example.org,2023-05-20,Самара,Gold
387,Виссарион Глебович Кириллов,avksenti_1988@example.com,2024-07-12,Екатеринбург,Bronze
388,Фокин Всеслав Харламович,varvara_1994@example.com,2025-02-23,Санкт-Петербург,Silver
389,Феоктист Даниилович Баранов,gorbachevgedeon@example.net,2025-04-01,Санкт-Петербург,Bronze
390,Марина Натановна Красильникова,andreevmaksim@example.com,2023-12-21,Екатеринбург,Gold
391,Денис Адамович Коновалов,miroslav_1970@example.org,2025-03-27,Москва,Bronze
392,Колобов Боян Жоресович,antonina_1980@example.net,2024-04-10,Санкт-Петербург,Bronze
393,тов. Иванов Кондратий Бориславович,alekseevmefodi@example.net,2024-08-28,Санкт-Петербург,Gold
394,Феоктист Витальевич Осипов,vjacheslav_1985@example.net,2023-07-16,Казань,Silver
395,Феликс Антипович Козлов,bronislav1991@example.net,2024-06-05,Казань,Gold
396,Велимир Ильясович Бобылев,georgi_1984@example.net,2025-05-26,Ростов,Bronze
397,Ситникова Виктория Антоновна,karl_1993@example.net,2025-06-17,Екатеринбург,Gold
398,Зинаида Робертовна Мишина,sobolevazoja@example.com,2024-12-11,Москва,Gold
399,Горшкова Елена Степановна,stepanlihachev@example.net,2025-02-19,Казань,Gold
400,Евфросиния Захаровна Лукина,amvrosiseliverstov@example.org,2024-08-26,Москва,Bronze
401,Синклитикия Евгеньевна Степанова,ipat17@example.net,2024-09-05,Казань,Silver
402,Васильев Семен Еремеевич,valentin2012@example.net,2024-08-05,Самара,Gold
403,Орехов Никита Ефремович,nesterovvalerjan@example.org,2023-12-12,Санкт-Петербург,Bronze
404,тов. Носков Яков Ефремович,avgustteterin@example.net,2024-09-01,Екатеринбург,Silver
405,Олимпиада Артемовна Савельева,panovtaras@example.net,2024-04-06,Екатеринбург,Silver
406,Елизавета Петровна Ефремова,fekla_1987@example.org,2025-04-16,Москва,Silver
407,Харитонова Варвара Даниловна,nikodimmoiseev@example.com,2023-04-21,Пермь,Gold
408,Мясников Ладимир Юльевич,danila_87@example.net,2024-09-09,Воронеж,Bronze
409,Орлова Синклитикия Аскольдовна,proklustinov@example.com,2024-08-04,Пермь,Bronze
410,Цветкова Галина Макаровна,lidija_08@example.org,2025-10-03,Пермь,Silver
411,Белякова Ангелина Кузьминична,oivanova@example.net,2023-06-06,Москва,Bronze
412,Таисия Леонидовна Новикова,karp_41@example.org,2025-07-20,Казань,Bronze
413,Соколова Лора Антоновна,nazarovvladimir@example.com,2023-07-05,Ростов,Gold
414,Капитон Адамович Колобов,bogdan_2004@example.org,2024-08-01,Екатеринбург,Bronze
415,Марков Платон Иосифович,arefi12@example.net,2024-09-03,Воронеж,Bronze
416,Калашников Всемил Августович,emelnikova@example.com,2023-12-29,Санкт-Петербург,Silver
417,Беляков Григорий Даниилович,nikita85@example.org,2023-08-03,Воронеж,Silver
418,Добромысл Матвеевич Белов,apollon2004@example.org,2025-03-11,Екатеринбург,Silver
419,Касьян Дорофеевич Лихачев,haritonovevgraf@example.org,2025-05-03,Пермь,Bronze
420,Беспалова Ираида Феликсовна,gkondrateva@example.com,2023-06-26,Пермь,Silver
421,Цветков Терентий Тихонович,maksimiljanshcherbakov@example.com,2025-09-10,Казань,Bronze
422,Бобров Митофан Гавриилович,yshashkov@example.net,2023-12-21,Самара,Bronze
423,Елизавета Евгеньевна Маслова,romanovanonna@example.net,2024-12-18,Санкт-Петербург,Silver
424,Белозеров Карл Архипович,juvenali_2016@example.net,2024-05-28,Пермь,Silver
425,Юлиан Бенедиктович Буров,apollon_2022@example.net,2023-09-19,Ростов,Silver
426,Дементий Фокич Данилов,zinovi_1986@example.com,2023-09-01,Москва,Gold
427,Регина Сергеевна Панфилова,ilarion_19@example.com,2023-08-19,Самара,Bronze
428,Кабанов Стоян Ефстафьевич,kasjan75@example.org,2022-12-03,Ростов,Bronze
429,Рыбаков Мефодий Адрианович,nanisimov@example.org,2025-07-24,Екатеринбург,Bronze
430,Мартынов Изот Ааронович,longinkondratev@example.com,2025-02-07,Екатеринбург,Bronze
431,Евфросиния Филипповна Ситникова,tamara_49@example.org,2023-04-18,Воронеж,Gold
432,Зимина Олимпиада Тимофеевна,iraida_2013@example.com,2023-05-13,Самара,Silver
433,Соловьев Агап Валерьевич,ignati1980@example.org,2022-12-01,Казань,Gold
434,Кондрат Филимонович Третьяков,komarovizjaslav@example.com,2025-08-04,Казань,Silver
435,Боян Давидович Ефимов,pahom65@example.com,2025-09-07,Казань,Gold
436,Светлана Львовна Петрова,voronovalora@example.net,2023-09-05,Казань,Silver
437,Тарасов Ратибор Измаилович,avde_80@example.com,2025-10-17,Екатеринбург,Bronze
438,Лихачев Юлиан Игнатьевич,iosif35@example.net,2024-05-14,Казань,Bronze
439,Савелий Харламович Кулаков,jakushevgorde@example.net,2025-05-23,Воронеж,Bronze
440,Белякова Алла Георгиевна,judinaangelina@example.com,2025-06-16,Санкт-Петербург,Silver
441,Авксентий Давидович Мельников,boris_32@example.org,2025-10-14,Пермь,Gold
442,Голубева Василиса Георгиевна,artemfedotov@example.com,2022-12-05,Самара,Gold
443,Георгий Харламович Буров,silanti_31@example.org,2025-07-09,Воронеж,Gold
444,Колесников Виссарион Харлампович,panovmartjan@example.org,2025-04-13,Самара,Gold
445,Фёкла Романовна Евсеева,viktorija_2012@example.com,2024-05-28,Ростов,Silver
446,Евгений Васильевич Владимиров,xvolkov@example.org,2023-11-10,Самара,Silver
447,Эрнест Афанасьевич Громов,nestor_63@example.com,2023-09-05,Воронеж,Bronze
448,Филипп Феликсович Лебедев,minavladimirov@example.org,2025-08-13,Воронеж,Bronze
449,Парамон Витальевич Сидоров,emmanuiljudin@example.com,2023-08-10,Санкт-Петербург,Silver
450,Герасимов Модест Аксёнович,ostapkovalev@example.com,2025-04-08,Пермь,Silver
451,Нина Викторовна Голубева,raisa_69@example.org,2023-09-08,Ростов,Gold
452,Федосеева Ия Павловна,prokl07@example.com,2024-02-14,Самара,Gold
453,Наумов Руслан Эдгардович,abramovapelageja@example.net,2022-12-08,Воронеж,Bronze
454,Наталья Борисовна Большакова,kulakovalarisa@example.org,2025-02-10,Москва,Gold
455,Анна Захаровна Кондратьева,amvrosisemenov@example.com,2024-11-26,Санкт-Петербург,Bronze
456,Оксана Тимофеевна Мартынова,naumovnaum@example.org,2025-08-25,Воронеж,Bronze
457,Лора Оскаровна Громова,lazar1990@example.net,2022-12-19,Пермь,Silver
458,Сазонова Елизавета Дмитриевна,ustinovtit@example.com,2023-01-23,Пермь,Silver
459,Ульяна Олеговна Пономарева,shchukinasofija@example.net,2025-09-05,Пермь,Gold
460,Тамара Архиповна Романова,amvrosi00@example.net,2024-03-28,Ростов,Bronze
461,Копылова Таисия Ильинична,prokofi06@example.com,2023-02-15,Санкт-Петербург,Gold
462,Панова Валентина Андреевна,savvatisokolov@example.org,2024-06-05,Ростов,Bronze
463,Якушев Кир Захарьевич,ivan_1995@example.net,2024-01-07,Самара,Silver
464,Оксана Робертовна Игнатова,birjukovippolit@example.com,2022-10-30,Воронеж,Bronze
465,Денисов Анисим Ааронович,kopilovprokl@example.org,2023-02-16,Ростов,Gold
466,Серафим Гертрудович Вишняков,fedoseevmodest@example.org,2024-10-15,Москва,Silver
467,Крюков Силантий Анисимович,jaroslav18@example.org,2024-02-22,Екатеринбург,Gold
468,Акулина Ивановна Одинцова,gorde_1986@example.org,2024-12-19,Воронеж,Bronze
469,Русакова Ульяна Геннадиевна,milen_2009@example.org,2023-08-30,Ростов,Silver
470,Агафья Ефимовна Никифорова,emeljan_11@example.net,2022-11-05,Москва,Gold
471,Алина Вячеславовна Зыкова,naumovaaleksandra@example.org,2022-12-04,Самара,Gold
472,Кулагин Будимир Фадеевич,jakov1998@example.com,2025-07-12,Санкт-Петербург,Gold
473,Богданова Оксана Никифоровна,prokofiorlov@example.net,2025-08-02,Санкт-Петербург,Silver
474,Антонова Вероника Геннадьевна,karpovadrian@example.org,2022-10-23,Воронеж,Silver
475,Гремислав Игнатович Русаков,ksenija78@example.net,2024-09-13,Москва,Gold
476,Давыдов Касьян Чеславович,boleslav2020@example.com,2023-02-14,Санкт-Петербург,Gold
477,Панфилов Мина Бориславович,gerasimovdanila@example.net,2023-09-01,Ростов,Silver
478,Савин Христофор Зиновьевич,kim_1995@example.net,2024-04-16,Екатеринбург,Gold
479,Ия Аскольдовна Федосеева,efremovermola@example.com,2024-12-18,Пермь,Gold
480,Любосмысл Елисеевич Ситников,gorshkovfirs@example.net,2025-01-11,Самара,Gold
481,Никодим Тимурович Меркушев,nikon_53@example.net,2024-12-10,Воронеж,Silver
482,Исидор Евстигнеевич Мухин,prokofi_71@example.com,2022-11-20,Воронеж,Gold
483,Силина Ксения Валентиновна,guri_59@example.org,2023-11-27,Екатеринбург,Bronze
484,Фёкла Кирилловна Носкова,bpahomov@example.org,2025-07-19,Санкт-Петербург,Silver
485,Комарова Марфа Львовна,mefodi_86@example.net,2023-12-04,Ростов,Silver
486,Зиновьев Лучезар Тимурович,firs2011@example.com,2023-06-01,Санкт-Петербург,Gold
487,Наталья Леоновна Кириллова,terenti2007@example.org,2022-10-23,Ростов,Gold
488,Мамонтова Алла Феликсовна,samsonnekrasov@example.com,2023-08-10,Санкт-Петербург,Bronze
489,Шарапова Лукия Дмитриевна,innokenti2011@example.org,2023-08-19,Воронеж,Bronze
490,Галина Яковлевна Нестерова,mark_84@example.org,2024-10-21,Самара,Silver
491,Соловьев Епифан Фокич,averjan_31@example.org,2025-04-26,Казань,Silver
492,Агафон Виленович Красильников,fomichevazinaida@example.com,2023-12-16,Ростов,Silver
493,Капитон Ильич Комиссаров,sokratpestov@example.org,2023-04-16,Воронеж,Gold
494,Зыков Моисей Гертрудович,ymuhina@example.org,2023-03-15,Воронеж,Gold
495,Павел Артемьевич Антонов,aristarhjakovlev@example.net,2023-02-06,Самара,Silver
496,Владислав Ефстафьевич Гаврилов,uljangordeev@example.com,2023-03-11,Ростов,Silver
497,Терентий Ефстафьевич Овчинников,viktorinromanov@example.org,2025-05-23,Санкт-Петербург,Bronze
498,Носков Филипп Валентинович,artemi_2016@example.net,2023-02-13,Ростов,Gold
499,Самойлова Лидия Натановна,serge28@example.net,2025-05-07,Екатеринбург,Silver
500,Абрамов Герман Арсенович,denis_1973@example.com,2025-04-25,Воронеж,Bronze
501,Калашников Сидор Витальевич,rodionbikov@example.net,2025-04-13,Казань,Silver
502,Дьячков Савелий Дорофеевич,jakub1981@example.net,2024-03-04,Пермь,Bronze
503,Сидоров Натан Юльевич,fortunat1998@example.net,2024-08-20,Москва,Bronze
504,Валентина Геннадиевна Панфилова,bazhen_1984@example.net,2025-05-21,Казань,Gold
505,Терентьев Лонгин Филатович,aershov@example.com,2024-06-23,Воронеж,Gold
506,Князева Маргарита Максимовна,karpovairina@example.org,2025-09-14,Самара,Silver
507,Ефим Гаврилович Калашников,panfilfomichev@example.net,2023-03-27,Екатеринбург,Silver
508,Крюков Адриан Данилович,litkinsila@example.net,2025-08-19,Самара,Bronze
509,Лора Альбертовна Белозерова,kazakovagalina@example.org,2025-06-18,Ростов,Silver
510,Самсонова Вера Артемовна,borismartinov@example.org,2023-10-20,Санкт-Петербург,Gold
511,Мишина Надежда Борисовна,shilovivan@example.net,2024-01-28,Воронеж,Gold
512,г-жа Громова Юлия Ильинична,evstigne_1982@example.net,2025-02-17,Казань,Silver
513,Емельянов Ярослав Ильясович,cguseva@example.net,2025-05-19,Воронеж,Gold
514,Панфилов Аггей Виленович,evdokimovradislav@example.com,2022-12-16,Санкт-Петербург,Bronze
515,Самойлова Нинель Рудольфовна,mihe44@example.net,2023-01-25,Воронеж,Silver
516,Фролов Пахом Гертрудович,abramovmarian@example.net,2024-05-23,Екатеринбург,Bronze
517,Маслов Владилен Васильевич,evseevmodest@example.com,2025-03-04,Воронеж,Gold
518,Зинаида Робертовна Никитина,gorbachevalekse@example.net,2023-05-08,Пермь,Silver
519,Амвросий Ермилович Тарасов,afinogen_1970@example.org,2024-11-10,Казань,Silver
520,Мартын Ермилович Фролов,samolovfade@example.net,2025-06-14,Ростов,Bronze
521,Евгений Ильич Дьячков,leon_83@example.org,2024-11-22,Пермь,Bronze
522,Кириллова Феврония Викторовна,zgolubeva@example.com,2025-04-01,Пермь,Silver
523,г-жа Савина Елена Юльевна,aleksandrfedoseev@example.net,2023-10-01,Казань,Gold
524,Панкратий Еремеевич Овчинников,afanasievdokimov@example.org,2024-12-12,Екатеринбург,Silver
525,Фотий Аксёнович Морозов,korolevemmanuil@example.com,2025-07-01,Воронеж,Gold
526,Валентина Юрьевна Тихонова,aleksandrovvenedikt@example.net,2025-04-29,Санкт-Петербург,Bronze
527,Кириллов Харлампий Егорович,anna1995@example.org,2024-11-25,Воронеж,Gold
528,Якушев Ферапонт Викторович,adenisov@example.com,2025-05-30,Пермь,Gold
529,Вишнякова Анна Филипповна,shestakovauljana@example.net,2025-07-12,Ростов,Silver
530,Иванова Наталья Филипповна,vjacheslavshashkov@example.org,2024-11-06,Санкт-Петербург,Bronze
531,Гаврилова Оксана Тимуровна,sisoevradislav@example.net,2023-09-10,Казань,Bronze
532,Яковлев Архип Арсеньевич,seleznevazoja@example.net,2025-09-21,Ростов,Bronze
533,Борислав Ефремович Филатов,epavlova@example.net,2023-11-28,Воронеж,Silver
534,Лариса Аскольдовна Шашкова,ipoljakova@example.com,2023-01-13,Казань,Bronze
535,Громов Евстигней Гордеевич,karl2020@example.org,2024-04-14,Екатеринбург,Gold
536,Регина Максимовна Медведева,belousoveduard@example.com,2023-01-15,Пермь,Silver
537,Иванна Валентиновна Воробьева,militsa_21@example.net,2025-07-13,Екатеринбург,Silver
538,Лариса Рудольфовна Лобанова,isa2020@example.org,2023-11-04,Самара,Silver
539,Клавдий Ефстафьевич Михайлов,codintsova@example.net,2024-01-13,Самара,Gold
540,Орлова Евгения Руслановна,taisija_1992@example.org,2025-10-12,Самара,Bronze
541,Горшков Серафим Евстигнеевич,mefodikonovalov@example.net,2024-09-17,Санкт-Петербург,Gold
542,Гурьева Алла Дмитриевна,evfrosinija98@example.net,2023-12-20,Воронеж,Gold
543,Максимов Ярополк Антипович,spiridon2011@example.net,2025-01-03,Ростов,Gold
544,Гусева Зоя Степановна,irina_1984@example.org,2024-12-05,Самара,Bronze
545,Лора Филипповна Рожкова,nikon1972@example.com,2024-12-26,Ростов,Bronze
546,Архипов Иван Фролович,evlampi_2017@example.net,2024-09-20,Москва,Bronze
547,Раиса Святославовна Котова,kostinaolimpiada@example.com,2025-08-26,Санкт-Петербург,Bronze
548,Устин Бориславович Семенов,nazar50@example.net,2022-12-15,Екатеринбург,Bronze
549,Кириллова Жанна Захаровна,vlasovsokrat@example.net,2023-03-26,Москва,Gold
550,Елисеев Илья Фролович,strelkovnaum@example.org,2023-08-13,Москва,Silver
551,Самсонов Станимир Венедиктович,fedoseevazinaida@example.net,2024-02-17,Казань,Bronze
552,Матвеев Гордей Вячеславович,dbelousova@example.com,2025-06-29,Воронеж,Silver
553,Юрий Иосипович Мишин,ipatibeljakov@example.com,2024-01-10,Самара,Silver
554,г-н Субботин Милан Андреевич,juri11@example.com,2023-02-05,Санкт-Петербург,Silver
555,Прохорова Марфа Аркадьевна,loginovostromir@example.net,2024-07-16,Самара,Silver
556,Людмила Олеговна Большакова,venedikt1974@example.net,2023-12-25,Воронеж,Gold
557,Прокофий Геннадиевич Меркушев,evgeni_37@example.com,2022-11-21,Воронеж,Bronze
558,Елизавета Леоновна Данилова,klavdija_1998@example.com,2024-11-06,Екатеринбург,Silver
559,Андреева Людмила Николаевна,fadeeviosif@example.org,2025-08-08,Пермь,Bronze
560,Кудрявцева София Артемовна,emeljanovviktorin@example.net,2024-07-07,Ростов,Bronze
561,Гуляев Сильвестр Ааронович,sidorovvsevolod@example.org,2023-11-21,Воронеж,Silver
562,Иванова Дарья Филипповна,ljubim_1975@example.net,2023-09-23,Ростов,Bronze
563,Мишина Мария Богдановна,andronik_07@example.com,2023-05-22,Пермь,Gold
564,Руслан Антонович Гуляев,ignatevaanzhela@example.com,2024-06-18,Пермь,Silver
565,Смирнов Родион Даниилович,vasilevkasjan@example.net,2022-12-31,Москва,Gold
566,Наркис Антипович Горбунов,natalja82@example.org,2023-01-12,Екатеринбург,Gold
567,Агафья Львовна Исакова,ernest_72@example.org,2024-06-16,Самара,Gold
568,Аким Фомич Лапин,kalashnikovpanfil@example.org,2022-12-19,Самара,Gold
569,Олимпиада Макаровна Некрасова,dpotapov@example.org,2022-10-30,Казань,Gold
570,Парфен Германович Куликов,onufri_04@example.com,2024-02-16,Санкт-Петербург,Bronze
571,Моисеев Болеслав Якубович,nikodim_1977@example.org,2024-05-06,Екатеринбург,Silver
572,Устинов Наум Эдгарович,xsmirnov@example.net,2023-06-08,Воронеж,Bronze
573,Валентина Дмитриевна Титова,ykorolev@example.com,2023-09-11,Казань,Gold
574,Ирина Альбертовна Коновалова,gorshkovapelageja@example.net,2025-06-19,Воронеж,Gold
575,Панфил Марсович Стрелков,gpetrov@example.org,2022-12-17,Воронеж,Gold
576,Элеонора Евгеньевна Горбунова,militsa2002@example.net,2023-11-18,Казань,Silver
577,Дорофей Фомич Никитин,dmitri_1987@example.org,2022-12-25,Самара,Bronze
578,Алевтина Леонидовна Ковалева,marian1972@example.com,2025-02-01,Екатеринбург,Bronze
579,Молчанова Вера Михайловна,isaevisa@example.net,2024-07-13,Пермь,Gold
580,Лукия Степановна Миронова,karpovmechislav@example.com,2023-10-31,Москва,Gold
581,тов. Щукин Варфоломей Егорович,turovdavid@example.org,2023-09-27,Казань,Gold
582,Авдей Харлампьевич Новиков,jmjasnikova@example.net,2024-06-15,Санкт-Петербург,Silver
583,Анна Михайловна Зимина,rjurik1981@example.com,2023-05-17,Москва,Gold
584,Гаврилов Тит Ярославович,mina_05@example.com,2024-08-13,Санкт-Петербург,Gold
585,Евгения Юрьевна Брагина,nikitinpotap@example.org,2022-11-23,Екатеринбург,Bronze
586,Костина Евфросиния Вениаминовна,povchinnikova@example.net,2023-08-18,Пермь,Bronze
587,Рябов Карл Давыдович,gorde_31@example.org,2023-02-09,Санкт-Петербург,Silver
588,Ульяна Валериевна Евдокимова,evdokim_2022@example.net,2025-01-19,Самара,Silver
589,Кабанова Феврония Мироновна,morozovaeleonora@example.org,2023-04-28,Москва,Bronze
590,г-жа Архипова Евдокия Олеговна,blinovvarfolome@example.org,2025-06-17,Ростов,Bronze
591,Юдин Федосий Ильич,afanasevernest@example.com,2022-10-29,Москва,Gold
592,Гурий Денисович Федотов,dementi2005@example.org,2025-03-11,Казань,Bronze
593,Дмитриева Евпраксия Святославовна,smirnovnikanor@example.net,2023-07-14,Пермь,Bronze
594,Крюкова Анжелика Эльдаровна,dementevluchezar@example.com,2024-11-10,Самара,Silver
595,Алевтина Аскольдовна Корнилова,kallistrat15@example.com,2025-02-23,Москва,Bronze
596,Зоя Георгиевна Егорова,popovamargarita@example.org,2024-03-20,Самара,Gold
597,Гусев Евграф Герасимович,ratibor2002@example.net,2023-05-22,Самара,Gold
598,Эрнст Измаилович Васильев,klavdija_2000@example.net,2023-06-26,Воронеж,Gold
599,Брагин Евстигней Валентинович,proklbogdanov@example.com,2024-05-31,Воронеж,Bronze
600,Копылов Михей Трифонович,marija43@example.net,2023-05-26,Воронеж,Bronze
601,Аркадий Власович Тарасов,pavel68@example.org,2024-07-22,Ростов,Gold
602,Полина Вениаминовна Беспалова,aleksandra61@example.org,2024-06-28,Москва,Bronze
603,Зинаида Львовна Жданова,nazarsolovev@example.net,2024-01-22,Казань,Silver
604,Вячеслав Георгиевич Лазарев,natan1986@example.net,2023-06-14,Ростов,Silver
605,Маслов Иван Фомич,gordeevkasjan@example.com,2024-10-27,Москва,Gold
606,Агафонова Фаина Ниловна,dorofe90@example.org,2023-11-16,Казань,Bronze
607,Тимур Валерианович Копылов,sofonaleksandrov@example.net,2024-01-04,Казань,Silver
608,Васильев Аникей Богданович,kopilovanadezhda@example.net,2025-02-11,Воронеж,Gold
609,Лыткина Елена Эдуардовна,lmihalov@example.com,2025-01-29,Ростов,Gold
610,Афиноген Фёдорович Кириллов,julija1982@example.org,2023-06-23,Воронеж,Silver
611,Лидия Аскольдовна Алексеева,ziminsvjatopolk@example.net,2024-11-22,Казань,Silver
612,Ферапонт Васильевич Белов,asilin@example.org,2025-03-10,Пермь,Silver
613,тов. Киселев Григорий Игнатьевич,burovsamson@example.com,2023-04-16,Москва,Bronze
614,Селиверст Феликсович Быков,kornil10@example.com,2024-08-07,Екатеринбург,Bronze
615,Елизавета Рубеновна Трофимова,maslovasofija@example.org,2023-08-05,Москва,Silver
616,Воронова Алина Борисовна,stanimir_1974@example.net,2025-09-18,Пермь,Silver
617,Марина Тарасовна Нестерова,fokingrigori@example.net,2023-12-18,Ростов,Bronze
618,Стрелков Агап Иосифович,praskovja_2006@example.com,2024-05-07,Москва,Gold
619,Субботина Ульяна Сергеевна,hristofortihonov@example.org,2025-07-13,Ростов,Silver
620,Владлен Давыдович Воронцов,iosif_1974@example.org,2022-12-22,Пермь,Gold
621,Пономарева Дарья Львовна,luchezarvladimirov@example.net,2023-09-27,Санкт-Петербург,Bronze
622,Зуев Адриан Гаврилович,klavdija_1991@example.org,2023-03-18,Казань,Bronze
623,Соловьева Жанна Оскаровна,trifon39@example.com,2025-01-26,Ростов,Silver
624,Анна Станиславовна Васильева,arefipavlov@example.com,2025-08-27,Пермь,Silver
625,Максимов Владлен Жанович,antonina_21@example.net,2025-01-26,Санкт-Петербург,Silver
626,Жукова Лариса Матвеевна,juvenalikulakov@example.org,2023-08-30,Москва,Bronze
627,Соломон Борисович Сергеев,tihon_38@example.com,2025-04-06,Екатеринбург,Gold
628,Любовь Вадимовна Белова,raisa_2003@example.net,2022-12-18,Казань,Gold
629,Еремей Гавриилович Кулагин,kazimir33@example.com,2023-10-27,Москва,Gold
630,Кулагина Жанна Феликсовна,ddorofeev@example.net,2025-06-20,Воронеж,Gold
631,Добромысл Анисимович Жданов,odintsovadam@example.net,2025-01-01,Пермь,Silver
632,Медведев Нифонт Гурьевич,uljana60@example.com,2024-03-24,Воронеж,Silver
633,Гущин Тихон Даниилович,mpestov@example.com,2024-09-07,Москва,Gold
634,Капитон Елизарович Мишин,averki2010@example.org,2023-07-07,Санкт-Петербург,Silver
635,Горбачева Полина Ждановна,fade_2024@example.org,2023-10-29,Казань,Silver
636,Виктория Геннадьевна Федосеева,frogov@example.com,2023-11-22,Воронеж,Silver
637,Кошелев Кир Жанович,narkisbikov@example.com,2025-01-29,Казань,Bronze
638,Федоров Никанор Геннадиевич,romanovaagafja@example.org,2024-09-25,Москва,Gold
639,Амос Матвеевич Андреев,vasilevaantonina@example.org,2023-01-13,Самара,Bronze
640,Любовь Владиславовна Субботина,umjasnikova@example.net,2025-09-10,Санкт-Петербург,Silver
641,Осип Дмитриевич Игнатов,kononovkarp@example.org,2023-06-23,Москва,Silver
642,Кира Вениаминовна Воронцова,nikola1983@example.net,2024-12-18,Ростов,Gold
643,Орехов Пров Ярославович,larisa_70@example.org,2023-02-28,Самара,Bronze
644,Сафонов Сидор Валерьянович,tit74@example.org,2024-07-20,Пермь,Silver
645,Арефий Ефимович Шестаков,izot_99@example.org,2025-02-10,Москва,Bronze
646,Устинов Демьян Васильевич,apollon2003@example.net,2022-12-17,Самара,Gold
647,Милен Денисович Третьяков,dovchinnikova@example.net,2025-05-01,Самара,Bronze
648,Ситникова Анжелика Робертовна,semen1986@example.com,2023-09-08,Екатеринбург,Silver
649,Королев Мстислав Ааронович,veniamin_22@example.net,2025-04-16,Санкт-Петербург,Gold
650,Волков Виталий Трофимович,rusakovaija@example.net,2023-07-20,Санкт-Петербург,Silver
651,Егоров Модест Фадеевич,leonti1988@example.com,2023-10-12,Воронеж,Gold
652,Щербакова Жанна Феликсовна,achernova@example.net,2024-09-10,Ростов,Silver
653,Мишин Доброслав Эдгарович,jignateva@example.net,2024-04-06,Москва,Bronze
654,Кондратьева Маргарита Владимировна,vladimir15@example.net,2025-09-08,Воронеж,Bronze
655,Никитин Иларион Бориславович,rodion_39@example.org,2023-07-01,Самара,Silver
656,Кабанов Сигизмунд Виленович,angelina_07@example.net,2024-04-17,Пермь,Silver
657,Аскольд Ефимьевич Колобов,mtitov@example.com,2024-02-29,Воронеж,Bronze
658,Федоров Мир Бориславович,mili22@example.com,2024-02-23,Казань,Silver
659,Евлампий Тихонович Сорокин,anzhelika_03@example.org,2023-05-06,Самара,Bronze
660,Зиновьев Спиридон Федосеевич,muravevaklavdija@example.com,2023-08-04,Самара,Silver
661,Наркис Валерьевич Галкин,amos50@example.org,2024-08-26,Самара,Gold
662,Меркушев Галактион Александрович,foti_33@example.com,2024-11-25,Санкт-Петербург,Bronze
663,Беляева Василиса Егоровна,aleksandrovaljudmila@example.com,2023-02-13,Самара,Gold
664,тов. Мишин Лазарь Фролович,ukomarov@example.org,2023-05-24,Москва,Bronze
665,Аким Эдгардович Данилов,xnazarova@example.net,2023-11-02,Екатеринбург,Silver
666,Андреева Таисия Петровна,lavrentiseliverstov@example.org,2025-05-30,Воронеж,Bronze
667,Ксения Егоровна Крылова,platonfedoseev@example.net,2025-05-16,Санкт-Петербург,Bronze
668,Никонова Варвара Эльдаровна,miroslav2007@example.com,2025-09-30,Пермь,Silver
669,Беляков Дорофей Валерьянович,zosima93@example.com,2024-12-07,Москва,Gold
670,Дементий Георгиевич Рогов,firs_87@example.com,2025-06-16,Екатеринбург,Gold
671,Кондратьев Ладимир Герасимович,azari2004@example.com,2024-05-27,Казань,Gold
672,Медведев Тарас Данилович,yzinovev@example.org,2022-12-05,Пермь,Bronze
673,Вадим Викентьевич Ефремов,mihail2007@example.org,2025-08-19,Москва,Silver
674,Авдеева Алевтина Юльевна,tihonovfilaret@example.org,2025-01-09,Казань,Silver
675,София Дмитриевна Денисова,savvati_09@example.com,2023-05-16,Пермь,Bronze
676,Александра Кирилловна Белова,pantelemon_1988@example.com,2025-01-15,Самара,Gold
677,Ия Михайловна Меркушева,fseleznev@example.com,2024-01-08,Пермь,Gold
678,Оксана Захаровна Федосеева,olimpi1995@example.net,2023-06-12,Ростов,Bronze
679,Афанасий Иосипович Борисов,svetozaremeljanov@example.net,2024-04-29,Пермь,Silver
680,Казаков Филимон Арсенович,sharovaljubov@example.com,2023-10-10,Казань,Silver
681,Спартак Ефремович Нестеров,sofon_78@example.org,2025-02-05,Москва,Bronze
682,Иван Гаврилович Дорофеев,rkoshelev@example.com,2023-09-10,Казань,Bronze
683,Евсеев Всеслав Гаврилович,pfilippova@example.net,2023-04-17,Санкт-Петербург,Gold
684,Клавдия Михайловна Самойлова,nekrasovataisija@example.com,2023-04-11,Москва,Gold
685,Федот Иларионович Игнатьев,avdeevasvetlana@example.net,2023-07-21,Ростов,Silver
686,Денисов Кирилл Владленович,evgraf72@example.com,2024-03-25,Воронеж,Silver
687,Рогов Игорь Авдеевич,filippovandron@example.org,2024-09-22,Санкт-Петербург,Gold
688,Баранова Ираида Макаровна,nikiforovafaina@example.com,2024-02-28,Воронеж,Gold
689,Горбачев Конон Аксёнович,agafja_61@example.net,2025-08-25,Екатеринбург,Bronze
690,Богданов Милан Эдуардович,tverdislav_1974@example.com,2024-05-19,Воронеж,Gold
691,Некрасова Светлана Вениаминовна,kivanova@example.net,2023-02-22,Москва,Silver
692,Константинов Зосима Афанасьевич,kallistrat_1992@example.com,2025-08-30,Москва,Silver
693,Соболева Вера Юрьевна,ivan1989@example.org,2024-11-07,Москва,Gold
694,Колобова Ия Натановна,ribakovvenedikt@example.org,2022-12-31,Воронеж,Silver
695,Симон Захарьевич Лапин,krjukovavalerija@example.net,2023-08-25,Москва,Silver
696,Евгений Венедиктович Наумов,ignatovseliverst@example.net,2023-05-19,Москва,Gold
697,Фокин Спиридон Антипович,elisevolkov@example.net,2022-12-14,Казань,Bronze
698,Будимир Филиппович Орлов,igor20@example.com,2023-09-08,Москва,Silver
699,тов. Гришина Фёкла Егоровна,solomonsokolov@example.com,2025-04-20,Пермь,Bronze
700,Капустина Феврония Архиповна,emeljanovilja@example.net,2024-07-30,Екатеринбург,Silver
701,Лариса Георгиевна Блинова,kira_1996@example.net,2024-05-10,Москва,Bronze
702,Лора Владиславовна Осипова,anastasija_52@example.org,2024-03-26,Воронеж,Silver
703,Анастасия Васильевна Логинова,evstafi_31@example.com,2025-02-01,Пермь,Gold
704,Людмила Макаровна Ширяева,elizar_47@example.net,2025-10-04,Пермь,Gold
705,Шарапова Нинель Вячеславовна,germanuvarov@example.org,2025-07-17,Ростов,Silver
706,Варфоломей Богданович Попов,arhipovmartin@example.com,2024-01-09,Москва,Bronze
707,Нинель Петровна Беспалова,krjukovaevgenija@example.org,2023-05-06,Самара,Bronze
708,Юлиан Антипович Котов,averki_77@example.org,2024-05-13,Санкт-Петербург,Silver
709,Григорьева Глафира Эдуардовна,maksimiljan_1985@example.net,2025-04-13,Москва,Gold
710,Полина Геннадьевна Беспалова,blinovsimon@example.org,2024-09-24,Самара,Gold
711,Мирослав Фокич Якушев,petr1983@example.net,2023-10-08,Самара,Gold
712,Николаев Мстислав Феоктистович,oksana_42@example.net,2023-02-23,Самара,Bronze
713,Михеев Никанор Федотович,nbirjukov@example.com,2023-01-02,Екатеринбург,Bronze
714,Журавлев Вадим Бориславович,evstafiantonov@example.org,2023-11-15,Екатеринбург,Gold
715,Всемил Дорофеевич Быков,sigizmund_2004@example.net,2025-04-29,Ростов,Gold
716,Тамара Богдановна Белозерова,vorobevanisim@example.org,2025-08-21,Пермь,Gold
717,Лазарев Флорентин Филимонович,simon_29@example.org,2025-09-04,Самара,Silver
718,Кулаков Эммануил Бориславович,roman72@example.net,2025-03-12,Ростов,Bronze
719,Ксения Оскаровна Соловьева,alla_1996@example.net,2024-03-27,Екатеринбург,Bronze
720,Лукина Евпраксия Вадимовна,adam_52@example.org,2023-05-21,Москва,Silver
721,Николаев Агап Анисимович,fedoseevgorde@example.net,2024-04-24,Санкт-Петербург,Silver
722,Исаев Симон Евсеевич,lavrentevaekaterina@example.com,2025-02-08,Екатеринбург,Gold
723,Зоя Станиславовна Кулагина,olga2015@example.com,2023-12-07,Екатеринбург,Gold
724,Капустин Герман Фомич,elizarsavin@example.org,2025-10-18,Москва,Gold
725,г-жа Борисова Ангелина Григорьевна,muravevpavel@example.com,2024-06-25,Санкт-Петербург,Bronze
726,Алина Вениаминовна Новикова,aksenovruben@example.com,2024-08-25,Москва,Gold
727,Лукин Алексей Ерофеевич,qagafonova@example.net,2024-02-19,Москва,Silver
728,Зуев Галактион Жоресович,savvatikornilov@example.net,2023-10-04,Казань,Gold
729,Кузнецов Болеслав Бенедиктович,georgi64@example.net,2023-08-26,Екатеринбург,Silver
730,Савватий Матвеевич Уваров,taisija_67@example.org,2023-06-05,Казань,Silver
731,Белоусов Всеслав Георгиевич,filipp_1998@example.org,2023-12-14,Санкт-Петербург,Silver
732,Рябова Вера Михайловна,januari78@example.org,2024-01-22,Пермь,Silver
733,Василиса Эдуардовна Гущина,jmironova@example.org,2025-01-02,Санкт-Петербург,Bronze
734,Любомир Бориславович Лобанов,moise_1980@example.org,2024-03-24,Санкт-Петербург,Gold
735,Харитонова Александра Леонидовна,hsavelev@example.com,2024-09-18,Пермь,Gold
736,Яковлев Бронислав Эдуардович,moise_1999@example.com,2023-03-08,Москва,Bronze
737,Парамон Фролович Владимиров,dementistepanov@example.com,2024-05-17,Ростов,Silver
738,Агафья Вениаминовна Аксенова,aksenovgerman@example.org,2023-04-07,Пермь,Bronze
739,Зоя Романовна Шестакова,titovamilitsa@example.net,2024-02-12,Пермь,Silver
740,Синклитикия Валентиновна Андреева,sergeevavarvara@example.com,2023-12-15,Москва,Silver
741,Новиков Ипат Елисеевич,arsenikuznetsov@example.net,2025-07-31,Пермь,Gold
742,Ольга Вениаминовна Комиссарова,jakov75@example.com,2023-08-05,Ростов,Bronze
743,Прокофий Абрамович Красильников,alekse_2002@example.com,2024-04-17,Самара,Gold
744,Варвара Кирилловна Борисова,lukjan_2006@example.com,2022-12-23,Ростов,Bronze
745,Лихачева Раиса Захаровна,mitofanbogdanov@example.net,2025-06-08,Екатеринбург,Gold
746,Христофор Егорович Гурьев,dobroslav_1992@example.org,2023-10-12,Москва,Silver
747,Турова Фаина Артемовна,denisovanina@example.org,2022-11-05,Воронеж,Gold
748,Зайцева Анжелика Николаевна,eabramov@example.org,2023-09-05,Ростов,Silver
749,Людмила Феликсовна Королева,sergeevratmir@example.net,2023-03-04,Пермь,Gold
750,Логинова Александра Семеновна,vsafonova@example.org,2023-07-25,Ростов,Gold
751,Сергеев Мир Тарасович,ogordeeva@example.com,2024-05-06,Воронеж,Bronze
752,Вероника Рудольфовна Фокина,vishnjakovpetr@example.com,2024-08-09,Екатеринбург,Bronze
753,Логинов Мариан Андреевич,boleslav_1977@example.com,2025-02-20,Санкт-Петербург,Gold
754,Галактион Данилович Шарапов,ykornilova@example.org,2024-01-08,Самара,Bronze
755,Пелагея Тимуровна Фадеева,vissarion61@example.net,2023-02-26,Самара,Silver
756,Молчанов Спиридон Гурьевич,ostromirmironov@example.net,2025-04-19,Воронеж,Silver
757,Соломон Игоревич Петухов,paramon_2018@example.net,2024-05-15,Воронеж,Silver
758,Лаврентий Венедиктович Ершов,apollon_83@example.org,2025-05-17,Ростов,Bronze
759,Стоян Филиппович Игнатьев,evstafi_28@example.com,2022-11-04,Екатеринбург,Gold
760,Анжелика Аскольдовна Ситникова,aleksandra_1978@example.org,2023-05-24,Казань,Gold
761,Валерия Харитоновна Антонова,georgi08@example.org,2023-03-02,Воронеж,Silver
762,Виктория Богдановна Артемьева,dshchukina@example.com,2023-01-31,Екатеринбург,Gold
763,Антонова Раиса Аскольдовна,irakli86@example.net,2023-01-18,Санкт-Петербург,Silver
764,Аристарх Феофанович Мельников,zinovi41@example.net,2023-04-11,Казань,Bronze
765,Никифоров Ратмир Демидович,krjukovprohor@example.org,2023-03-06,Екатеринбург,Bronze
766,Анжела Владимировна Кузнецова,ilja_47@example.com,2024-10-09,Пермь,Bronze
767,Носова Светлана Матвеевна,evse68@example.net,2025-04-26,Пермь,Bronze
768,Ермолай Августович Борисов,radimkoshelev@example.org,2024-10-11,Москва,Silver
769,Туров Никифор Александрович,ipat74@example.net,2023-04-01,Ростов,Gold
770,Элеонора Мироновна Фомина,narkis_05@example.com,2022-10-27,Пермь,Bronze
771,Прохорова Ольга Владимировна,florentin55@example.net,2023-08-08,Казань,Bronze
772,Матвей Валентинович Ермаков,emilantonov@example.com,2024-11-14,Екатеринбург,Bronze
773,Дьячкова Жанна Ждановна,komarovferapont@example.com,2023-12-18,Пермь,Bronze
774,Куликова Нонна Леонидовна,vikentievseev@example.net,2024-01-31,Пермь,Silver
775,Леонид Жоресович Никитин,visheslav69@example.com,2024-12-15,Екатеринбург,Bronze
776,Карл Захарьевич Маслов,kolobovzahar@example.net,2024-10-29,Пермь,Silver
777,Светозар Авдеевич Соболев,kir_71@example.org,2023-08-23,Самара,Bronze
778,Прохор Юлианович Авдеев,fvolkova@example.com,2023-07-12,Екатеринбург,Bronze
779,Жанна Владиславовна Антонова,bogdanovcheslav@example.org,2023-04-11,Санкт-Петербург,Bronze
780,Сазонов Терентий Изотович,ovchinnikovaagafja@example.com,2023-01-11,Воронеж,Gold
781,Карпов Прокофий Дорофеевич,ekozlova@example.org,2024-03-20,Воронеж,Silver
782,Сократ Вячеславович Зайцев,konstantinfilatov@example.org,2025-04-11,Екатеринбург,Gold
783,Татьяна Алексеевна Коновалова,cheslavkrasilnikov@example.net,2025-08-10,Екатеринбург,Bronze
784,Константин Даниилович Воронов,minabogdanov@example.com,2023-05-05,Казань,Gold
785,Белов Платон Афанасьевич,subbotinavde@example.net,2024-01-05,Москва,Gold
786,Смирнова Майя Андреевна,nikodim97@example.net,2023-08-20,Воронеж,Bronze
787,Маркова Акулина Макаровна,ratibor1974@example.org,2023-07-13,Пермь,Bronze
788,Симонова Ольга Леоновна,demidagafonov@example.com,2024-07-20,Екатеринбург,Silver
789,Зуев Потап Августович,iosif1973@example.com,2023-10-13,Пермь,Gold
790,Кузьмин Аристарх Брониславович,pbogdanov@example.net,2023-06-10,Казань,Silver
791,Доронина Иванна Даниловна,panovaevdokija@example.com,2024-04-17,Ростов,Silver
792,Ольга Ефимовна Фролова,xershov@example.org,2023-03-11,Воронеж,Gold
793,Исаев Сильвестр Елисеевич,ezhuravlev@example.org,2023-07-12,Екатеринбург,Gold
794,Крюкова Антонина Олеговна,efrolov@example.net,2022-11-25,Ростов,Bronze
795,Вероника Антоновна Большакова,petuhovstojan@example.com,2025-01-25,Казань,Bronze
796,Фома Игнатович Голубев,anani_2021@example.com,2024-10-27,Санкт-Петербург,Gold
797,Дементьева Пелагея Геннадьевна,pimendoronin@example.net,2025-05-04,Казань,Gold
798,Баранова Надежда Егоровна,hariton_53@example.net,2023-04-20,Санкт-Петербург,Silver
799,Нонна Натановна Зуева,kim_1989@example.org,2024-10-01,Ростов,Gold
800,Антонов Анисим Иосифович,kornil1995@example.net,2023-08-03,Воронеж,Gold
801,Лаврентьев Пров Ерофеевич,konstantinovsokrat@example.org,2025-06-07,Екатеринбург,Silver
802,Людмила Яковлевна Титова,veselovarkadi@example.org,2025-05-17,Воронеж,Silver
803,Бирюков Роман Гордеевич,ernest2006@example.org,2024-10-06,Казань,Gold
804,Панов Орест Владленович,olimpiada2021@example.org,2025-06-02,Екатеринбург,Bronze
805,Остромир Теймуразович Суханов,kiselevmilen@example.net,2023-05-19,Ростов,Bronze
806,г-жа Степанова Елизавета Геннадиевна,orlovagalina@example.net,2025-02-10,Воронеж,Bronze
807,Филатов Богдан Алексеевич,radislav2009@example.org,2025-07-01,Санкт-Петербург,Silver
808,Артем Филимонович Кудрявцев,juri1998@example.com,2023-07-10,Пермь,Silver
809,Никонов Святослав Давидович,evlampi_2013@example.org,2024-05-07,Ростов,Bronze
810,Ангелина Павловна Колобова,viktorija_1976@example.net,2024-12-27,Воронеж,Silver
811,Кулагина София Юльевна,alekse1984@example.com,2024-06-03,Казань,Silver
812,Куприян Игоревич Веселов,djachkovafevronija@example.com,2025-05-31,Пермь,Silver
813,Кононова Татьяна Святославовна,larionovdemid@example.net,2024-09-27,Ростов,Bronze
814,Федорова Любовь Романовна,zaharovaalla@example.org,2024-08-15,Воронеж,Gold
815,Мишин Ян Филиппович,teterinratibor@example.org,2024-02-02,Ростов,Gold
816,Дорофеев Боян Евсеевич,agafja_49@example.net,2023-08-26,Самара,Gold
817,Богданов Мартьян Филимонович,vasili1997@example.com,2023-01-26,Москва,Bronze
818,Анжелика Игоревна Кабанова,bikovauljana@example.com,2023-11-18,Ростов,Bronze
819,Мир Антонович Медведев,oagafonov@example.org,2025-07-19,Москва,Silver
820,Евдокимова Людмила Кирилловна,pmakarova@example.net,2023-01-15,Москва,Silver
821,София Яковлевна Пахомова,ershovaemilija@example.net,2023-11-09,Воронеж,Silver
822,Силантий Евстигнеевич Федосеев,akulina_1987@example.org,2024-06-12,Санкт-Петербург,Gold
823,Феврония Петровна Никифорова,zhuravlevdobromisl@example.net,2024-08-21,Екатеринбург,Silver
824,Зимина София Петровна,juliansharov@example.net,2023-05-14,Казань,Bronze
825,Пимен Иосифович Брагин,vsemil1989@example.org,2024-07-05,Пермь,Silver
826,Воронов Клавдий Евсеевич,veselovdmitri@example.org,2023-02-04,Екатеринбург,Gold
827,Кондратьева Тамара Макаровна,shashkovhariton@example.org,2023-08-17,Казань,Silver
828,Зимин Павел Тихонович,velimir2004@example.org,2025-08-11,Казань,Silver
829,Пономарев Трифон Жоресович,lapinmaksimiljan@example.org,2023-01-18,Самара,Gold
830,Пахомов Федор Федотович,florentin41@example.net,2023-12-13,Санкт-Петербург,Bronze
831,Евдоким Артёмович Кононов,trofim_42@example.com,2025-08-22,Москва,Gold
832,Евдокимов Лазарь Ярославович,nikonovanina@example.net,2023-01-30,Москва,Bronze
833,Валентина Максимовна Михайлова,ferapontkononov@example.com,2023-07-09,Пермь,Gold
834,Осип Елизарович Кондратьев,foma_2020@example.net,2023-04-06,Москва,Bronze
835,Ширяев Никанор Владиленович,evpraksija1988@example.net,2024-08-23,Санкт-Петербург,Bronze
836,Зоя Наумовна Кошелева,shashkovafaina@example.net,2024-06-26,Санкт-Петербург,Bronze
837,Тамара Егоровна Соболева,sitnikovavde@example.org,2025-08-02,Пермь,Bronze
838,Гришина Фаина Александровна,alla1978@example.com,2025-03-17,Воронеж,Gold
839,Галкин Назар Евстигнеевич,averki_2024@example.org,2023-06-08,Пермь,Bronze
840,Трофимова Зоя Степановна,egorovtaras@example.com,2024-03-24,Воронеж,Silver
841,Абрамова Антонина Владимировна,vladilen1971@example.org,2025-07-22,Ростов,Gold
842,Евгения Андреевна Куликова,vitali2011@example.com,2023-08-14,Пермь,Gold
843,Лонгин Игоревич Калашников,petuhovaljudmila@example.org,2024-11-10,Воронеж,Gold
844,Еремей Зиновьевич Третьяков,egor_95@example.com,2025-05-13,Самара,Gold
845,Михайлов Самсон Виленович,iraida74@example.net,2023-03-10,Воронеж,Silver
846,тов. Тихонова Дарья Егоровна,xnoskova@example.org,2022-11-14,Екатеринбург,Bronze
847,Аникита Ануфриевич Филатов,emmanuil1995@example.com,2024-09-22,Пермь,Gold
848,Гордеева Лукия Наумовна,ignatevaanastasija@example.org,2023-10-29,Санкт-Петербург,Gold
849,Светлана Руслановна Селезнева,prokl_2008@example.org,2025-01-11,Москва,Bronze
850,Мамонтова Нина Сергеевна,agafja2002@example.org,2023-08-27,Ростов,Silver
851,Пров Феодосьевич Терентьев,igor1989@example.net,2024-10-05,Казань,Gold
852,Болеслав Федотович Носов,rjurik_2018@example.net,2024-06-06,Москва,Silver
853,Киселев Артем Матвеевич,konstantin82@example.net,2025-03-15,Екатеринбург,Gold
854,Орехова Ульяна Павловна,dobroslav_1990@example.net,2025-10-15,Воронеж,Bronze
855,Никифоров Леонид Георгиевич,moiseevdenis@example.org,2024-02-01,Санкт-Петербург,Bronze
856,Егоров Артем Архипович,averjan_1978@example.org,2024-01-08,Самара,Gold
857,Будимир Тихонович Логинов,martinfedorov@example.com,2023-01-27,Пермь,Silver
858,Боброва Алевтина Тарасовна,radim1991@example.org,2022-12-06,Казань,Silver
859,Силантий Валерьевич Кудрявцев,rbolshakova@example.net,2023-07-26,Пермь,Gold
860,Лазарев Пров Борисович,fedosivorontsov@example.net,2022-11-15,Ростов,Gold
861,Глафира Леоновна Кабанова,gushchinatatjana@example.net,2023-05-14,Ростов,Silver
862,Элеонора Святославовна Веселова,sisaeva@example.net,2025-08-13,Пермь,Gold
863,Майя Викторовна Агафонова,aristarhbirjukov@example.com,2025-06-01,Самара,Gold
864,Ульяна Львовна Беспалова,tretjakovavasilisa@example.com,2023-10-28,Ростов,Bronze
865,Амвросий Ефимович Кабанов,kiselevamos@example.com,2022-11-13,Пермь,Silver
866,Кузнецов Тимур Викентьевич,kulaginasofija@example.org,2022-12-15,Воронеж,Bronze
867,Остромир Фёдорович Карпов,jansavelev@example.com,2025-10-08,Воронеж,Silver
868,Блинов Филимон Матвеевич,vlasfomin@example.net,2025-10-09,Санкт-Петербург,Bronze
869,Фадеева Татьяна Макаровна,vera_1988@example.com,2024-03-28,Екатеринбург,Gold
870,Турова Вера Степановна,frolovbazhen@example.com,2024-06-27,Санкт-Петербург,Bronze
871,Селезнев Мартын Иларионович,sitnikovleonti@example.org,2025-05-20,Воронеж,Gold
872,Лидия Михайловна Белоусова,belousovstojan@example.net,2025-03-29,Екатеринбург,Silver
873,Зимина Лариса Эльдаровна,muhinavalerija@example.net,2023-12-24,Москва,Bronze
874,Мамонтов Евсей Трифонович,natalja_1979@example.org,2023-07-06,Воронеж,Bronze
875,Давыд Витальевич Шилов,dfedotov@example.net,2023-12-28,Казань,Gold
876,Эрнст Иосифович Ермаков,praskovja_2010@example.com,2025-01-22,Самара,Bronze
877,Софрон Харлампьевич Веселов,solomon_31@example.com,2024-06-12,Самара,Gold
878,Муравьева Галина Вячеславовна,lkudrjashov@example.org,2024-08-09,Пермь,Bronze
879,Кудряшов Дорофей Адрианович,lzaharova@example.net,2024-10-10,Ростов,Gold
880,Прохоров Клавдий Изотович,feliksisaev@example.com,2025-06-23,Казань,Bronze
881,Ковалева Милица Матвеевна,mihalovazoja@example.net,2024-08-05,Самара,Silver
882,Кондратий Игнатович Кабанов,fomichevelizar@example.net,2024-10-14,Санкт-Петербург,Gold
883,Стрелков Агап Власович,bikovaivanna@example.com,2024-05-26,Санкт-Петербург,Gold
884,Абрамова Жанна Тимофеевна,ustinovatamara@example.net,2025-10-11,Санкт-Петербург,Silver
885,Зосима Гурьевич Коновалов,pestovjuvenali@example.com,2025-08-08,Санкт-Петербург,Silver
886,Элеонора Святославовна Кузьмина,svjatoslavpanov@example.com,2024-03-23,Пермь,Silver
887,г-н Носков Марк Демьянович,naum2019@example.net,2024-02-18,Москва,Silver
888,Спартак Юлианович Емельянов,trofimgavrilov@example.org,2024-10-17,Самара,Silver
889,Селиверстов Никодим Фёдорович,ernst_2000@example.net,2025-03-21,Казань,Silver
890,Комаров Денис Артемьевич,maslovprov@example.net,2023-07-22,Пермь,Gold
891,Амос Игнатьевич Лапин,pahomkudrjashov@example.com,2024-07-05,Воронеж,Bronze
892,Волкова Иванна Романовна,kabanovaklavdija@example.org,2024-05-12,Екатеринбург,Gold
893,Матвеев Юлий Анисимович,pankrat_2001@example.com,2023-01-12,Екатеринбург,Gold
894,Кабанов Велимир Анатольевич,evdokimovaklavdija@example.org,2024-02-04,Москва,Bronze
895,Дьячков Нестор Харлампович,makar_1977@example.org,2024-10-06,Екатеринбург,Silver
896,Беляев Герасим Евсеевич,rusakovamargarita@example.org,2024-02-09,Воронеж,Gold
897,Исаев Творимир Егорович,shcherbakovmina@example.net,2024-03-24,Екатеринбург,Bronze
898,Алла Леоновна Соловьева,karpovvaleri@example.net,2025-07-01,Самара,Gold
899,Светлана Леоновна Новикова,hristofor43@example.org,2024-09-02,Санкт-Петербург,Bronze
900,Брагина Ираида Олеговна,tsvetkovruben@example.org,2024-12-15,Екатеринбург,Bronze
901,Моисеев Гедеон Трофимович,dmitrikalashnikov@example.org,2023-08-09,Пермь,Bronze
902,Данила Гордеевич Кондратьев,sofija67@example.com,2023-04-27,Казань,Gold
903,Комиссарова Ульяна Юрьевна,agata1978@example.org,2024-05-07,Пермь,Bronze
904,Нонна Аркадьевна Федотова,qrogova@example.org,2025-08-13,Казань,Gold
905,Георгий Евсеевич Белозеров,polina_04@example.com,2022-11-06,Екатеринбург,Gold
906,Васильева Анастасия Павловна,andrekalashnikov@example.net,2024-11-06,Самара,Bronze
907,Эрнест Ерофеевич Семенов,arefinoskov@example.org,2024-11-13,Ростов,Bronze
908,Корнилов Герасим Афанасьевич,oktjabrina09@example.org,2024-09-18,Москва,Silver
909,Нифонт Артемьевич Пестов,foma1994@example.com,2023-05-14,Екатеринбург,Gold
910,Амос Борисович Борисов,kotovandre@example.org,2023-03-17,Москва,Gold
911,Трофимов Агап Аксёнович,pimenkrjukov@example.com,2024-05-12,Москва,Gold
912,Молчанов Макар Власович,fedosisokolov@example.com,2024-01-11,Москва,Bronze
913,Богданов Никодим Ааронович,udmitrieva@example.org,2024-09-17,Пермь,Bronze
914,Медведев Мстислав Харлампьевич,vsemilromanov@example.com,2023-09-14,Пермь,Bronze
915,Колесников Аристарх Фёдорович,ershovelise@example.net,2024-04-10,Санкт-Петербург,Silver
916,Венедикт Викторович Терентьев,frol_2008@example.com,2023-02-14,Санкт-Петербург,Gold
917,Ширяев Елисей Владиленович,ruslan_50@example.com,2024-09-24,Санкт-Петербург,Gold
918,Аким Дмитриевич Кулагин,kornil1986@example.net,2023-03-26,Москва,Gold
919,Кириллов Гордей Игнатьевич,tatjana12@example.org,2024-06-08,Воронеж,Gold
920,Соколов Валентин Гаврилович,abramovanisim@example.org,2023-12-28,Санкт-Петербург,Gold
921,Евфросиния Тимуровна Панфилова,roman65@example.com,2024-01-18,Екатеринбург,Silver
922,Серафим Фокич Лыткин,zuevaanzhelika@example.org,2023-04-21,Москва,Gold
923,г-н Дмитриев Аверьян Адрианович,tatjana_50@example.org,2025-02-19,Воронеж,Silver
924,Синклитикия Андреевна Симонова,usilin@example.com,2025-02-09,Самара,Bronze
925,Марина Петровна Федорова,uvarovmiroslav@example.net,2023-02-17,Воронеж,Bronze
926,Евдокия Максимовна Колесникова,lev_86@example.net,2023-05-06,Казань,Gold
927,Дроздов Гурий Федосьевич,vpopov@example.com,2024-11-23,Санкт-Петербург,Bronze
928,Ипат Яковлевич Захаров,fominagge@example.com,2023-07-29,Казань,Gold
929,Остап Эдгардович Нестеров,baranovvlas@example.net,2024-03-24,Казань,Bronze
930,Вениамин Андреевич Панов,msazonov@example.org,2025-08-16,Пермь,Gold
931,Прасковья Рубеновна Моисеева,ksenija_80@example.com,2023-01-28,Москва,Bronze
932,Авдеева Клавдия Руслановна,ermil1991@example.org,2025-08-16,Екатеринбург,Silver
933,Соколова Феврония Владиславовна,lukinpanfil@example.org,2024-11-03,Самара,Gold
934,Ларионова Олимпиада Эдуардовна,filatovmiron@example.net,2024-12-02,Санкт-Петербург,Silver
935,Давыдов Онуфрий Ефремович,vasilevboris@example.net,2023-04-08,Санкт-Петербург,Gold
936,Варфоломей Фёдорович Ефимов,valerija40@example.org,2024-02-16,Казань,Bronze
937,Лаврентьева Синклитикия Олеговна,sigizmundfomichev@example.com,2022-11-18,Воронеж,Bronze
938,Муравьев Бажен Изотович,krasilnikovaskold@example.com,2025-03-10,Екатеринбург,Bronze
939,Владислав Феликсович Кондратьев,jan_2011@example.org,2022-11-29,Самара,Gold
940,Некрасов Лазарь Федотович,fedor_40@example.org,2025-02-23,Ростов,Silver
941,Аверьян Демьянович Сидоров,egorovsevastjan@example.org,2024-02-27,Москва,Bronze
942,Надежда Егоровна Трофимова,timur_1993@example.com,2023-04-12,Казань,Silver
943,Аникита Захарьевич Доронин,tsvetkovapolina@example.com,2024-02-24,Москва,Silver
944,Алевтина Тимуровна Агафонова,blohinjan@example.org,2023-01-11,Екатеринбург,Silver
945,Куприян Феодосьевич Крюков,kirkiselev@example.com,2024-05-03,Екатеринбург,Bronze
946,Федосий Фомич Комиссаров,januari2002@example.com,2023-10-11,Самара,Bronze
947,Самсонова Тамара Феликсовна,mzhukova@example.org,2024-10-06,Екатеринбург,Silver
948,Федосеев Иннокентий Елизарович,svetozar1995@example.com,2024-04-27,Воронеж,Silver
949,Никитин Всеволод Всеволодович,strelkovlev@example.org,2022-11-12,Воронеж,Gold
950,Глафира Рубеновна Котова,upestova@example.org,2023-06-29,Казань,Bronze
951,Аверкий Анисимович Никонов,samolovdobromisl@example.com,2024-06-27,Казань,Gold
952,Доронин Никодим Филатович,avksentikononov@example.com,2024-01-19,Воронеж,Bronze
953,Савин Вячеслав Дорофеевич,vandreeva@example.com,2023-10-27,Самара,Silver
954,Регина Никифоровна Морозова,hariton_2019@example.org,2025-02-09,Пермь,Silver
955,Киселев Сила Жанович,orestnoskov@example.org,2024-05-13,Казань,Gold
956,Надежда Семеновна Агафонова,jakushevustin@example.org,2023-02-22,Самара,Bronze
957,Якушева София Эльдаровна,kotovamvrosi@example.net,2023-06-22,Ростов,Bronze
958,Эмилия Алексеевна Матвеева,aaleksandrov@example.org,2024-04-19,Москва,Silver
959,Самсонов Поликарп Ефимьевич,komissarovdobromisl@example.net,2024-05-18,Ростов,Bronze
960,Савин Дементий Юлианович,gremislavosipov@example.net,2024-09-10,Пермь,Bronze
961,Князева Евдокия Мироновна,ferapont94@example.org,2024-11-18,Казань,Gold
962,Наркис Юлианович Крылов,varfolome_35@example.org,2024-03-31,Ростов,Bronze
963,Анжела Максимовна Соловьева,terenti_2023@example.net,2023-12-10,Санкт-Петербург,Bronze
964,Филатов Август Федосьевич,seliverstovamarija@example.com,2024-01-28,Воронеж,Silver
965,Виноградов Бронислав Валерианович,bronislav_42@example.org,2023-12-05,Екатеринбург,Bronze
966,Блинова Валерия Константиновна,anastasija_49@example.net,2024-06-20,Москва,Silver
967,Ермакова Нина Руслановна,useliverstova@example.net,2024-12-02,Воронеж,Bronze
968,Егоров Валерий Феликсович,pestovaelizaveta@example.com,2025-01-15,Санкт-Петербург,Gold
969,г-жа Брагина Наина Филипповна,zdementev@example.com,2024-06-04,Москва,Silver
970,Горбачев Порфирий Терентьевич,teterinflorentin@example.net,2023-01-16,Ростов,Silver
971,Никандр Данилович Гордеев,orlovkondrat@example.com,2023-05-27,Самара,Silver
972,Ульяна Юльевна Устинова,seliverst1994@example.net,2024-08-16,Москва,Gold
973,Суворов Емельян Демьянович,gedeonkalashnikov@example.com,2023-10-07,Екатеринбург,Silver
974,Герасимова Анжела Архиповна,ippolit44@example.org,2025-09-10,Воронеж,Gold
975,Дорофеева Зоя Феликсовна,vorontsovemmanuil@example.com,2025-04-11,Екатеринбург,Bronze
976,Анна Константиновна Калинина,leonti97@example.org,2025-01-03,Санкт-Петербург,Silver
977,Зимина Ия Васильевна,nazarovataisija@example.net,2023-04-23,Екатеринбург,Gold
978,Гостомысл Дмитриевич Воронов,efremovkonon@example.net,2023-07-12,Воронеж,Silver
979,Иванна Яковлевна Суханова,stepanovalarisa@example.org,2025-05-11,Екатеринбург,Silver
980,Ангелина Михайловна Турова,kozlovanikita@example.com,2023-06-16,Москва,Gold
981,Пахом Антипович Сергеев,efim2015@example.org,2023-12-01,Санкт-Петербург,Silver
982,Селиверстов Кир Жанович,denisovluka@example.org,2024-10-25,Санкт-Петербург,Gold
983,Боброва Ангелина Олеговна,viktorija_2019@example.org,2024-07-10,Самара,Bronze
984,Смирнов Геннадий Еремеевич,galina37@example.org,2024-10-17,Ростов,Bronze
985,Артемьева Виктория Феликсовна,nikanor17@example.org,2024-05-10,Пермь,Bronze
986,Вишняков Панфил Харлампович,isidorkudrjavtsev@example.org,2025-06-07,Москва,Bronze
987,Герасимова Варвара Анатольевна,jan19@example.net,2023-01-02,Казань,Bronze
988,Ким Измаилович Евсеев,sdrozdov@example.com,2025-01-13,Пермь,Gold
989,Кононова Виктория Дмитриевна,kondrati48@example.com,2023-12-04,Самара,Gold
990,Сазонов Сократ Изотович,eduard11@example.com,2023-03-10,Ростов,Silver
991,Лаврентьева Агата Болеславовна,igor_1989@example.org,2023-11-03,Ростов,Silver
992,Ершов Гордей Еремеевич,ychernova@example.com,2023-02-03,Пермь,Bronze
993,Антонин Евсеевич Фомин,ermola53@example.org,2024-03-08,Ростов,Gold
994,Зуев Кондратий Витальевич,rjabovaalla@example.org,2024-02-28,Воронеж,Silver
995,Быкова Лидия Макаровна,dorofeevaagafja@example.net,2025-06-06,Казань,Gold
996,Демьян Фёдорович Белозеров,jakovlevkuprijan@example.com,2025-10-10,Санкт-Петербург,Gold
997,Громова Ксения Григорьевна,innokenti1988@example.net,2025-06-20,Ростов,Bronze
998,Сазонов Вацлав Давидович,kovalevmilan@example.net,2025-07-24,Пермь,Silver
999,Егорова Виктория Архиповна,angelina57@example.net,2023-09-01,Воронеж,Bronze
1000,Эрнест Александрович Игнатьев,nazarovaninel@example.com,2023-09-13,Москва,Gold
